#include "sprites.h"

// Generated native 48x48 role maps. Two pixels per byte, left pixel in high nibble.
// Edit a frame here, or use assets/sprites/generate_kitsune.py to regenerate.
// Row key: . transparent, O outline, F primary fur, A accent, D facial detail.

const uint8_t KITSUNE_IDLE[KITSUNE_FRAME_BYTES] PROGMEM = {
  0x00, 0x00, 0x00, 0x00, 0x00, 0x00, 0x00, 0x00, 0x00, 0x00, 0x00, 0x00, 0x00, 0x00, 0x00, 0x00, 0x00, 0x00, 0x00, 0x00, 0x00, 0x00, 0x00, 0x00, // ................................................
  0x00, 0x00, 0x00, 0x00, 0x00, 0x00, 0x00, 0x00, 0x00, 0x00, 0x00, 0x00, 0x00, 0x00, 0x00, 0x00, 0x00, 0x00, 0x00, 0x00, 0x00, 0x00, 0x00, 0x00, // ................................................
  0x00, 0x00, 0x00, 0x00, 0x01, 0x10, 0x00, 0x00, 0x00, 0x00, 0x00, 0x00, 0x00, 0x00, 0x00, 0x00, 0x00, 0x10, 0x00, 0x00, 0x00, 0x00, 0x00, 0x00, // .........OO.......................O.............
  0x00, 0x00, 0x00, 0x00, 0x12, 0x21, 0x00, 0x00, 0x00, 0x00, 0x00, 0x00, 0x00, 0x00, 0x00, 0x00, 0x01, 0x21, 0x10, 0x00, 0x00, 0x00, 0x00, 0x00, // ........OFFO.....................OFOO...........
  0x00, 0x00, 0x00, 0x00, 0x12, 0x22, 0x10, 0x00, 0x00, 0x00, 0x00, 0x00, 0x00, 0x00, 0x00, 0x00, 0x01, 0x22, 0x10, 0x00, 0x00, 0x00, 0x00, 0x00, // ........OFFFO....................OFFO...........
  0x00, 0x00, 0x00, 0x01, 0x22, 0x22, 0x10, 0x00, 0x00, 0x00, 0x00, 0x00, 0x00, 0x00, 0x00, 0x00, 0x01, 0x22, 0x21, 0x00, 0x00, 0x00, 0x00, 0x00, // .......OFFFFO....................OFFFO..........
  0x00, 0x00, 0x00, 0x01, 0x22, 0x22, 0x21, 0x00, 0x00, 0x00, 0x00, 0x00, 0x00, 0x00, 0x00, 0x00, 0x12, 0x22, 0x21, 0x00, 0x00, 0x00, 0x00, 0x00, // .......OFFFFFO..................OFFFFO..........
  0x00, 0x00, 0x00, 0x01, 0x22, 0x32, 0x22, 0x10, 0x00, 0x00, 0x00, 0x00, 0x00, 0x00, 0x00, 0x00, 0x12, 0x32, 0x21, 0x00, 0x00, 0x00, 0x00, 0x00, // .......OFFAFFFO.................OFAFFO..........
  0x00, 0x00, 0x00, 0x01, 0x23, 0x33, 0x22, 0x10, 0x00, 0x00, 0x00, 0x00, 0x00, 0x00, 0x00, 0x00, 0x12, 0x33, 0x22, 0x10, 0x00, 0x00, 0x00, 0x00, // .......OFAAAFFO.................OFAAFFO.........
  0x00, 0x00, 0x00, 0x01, 0x23, 0x33, 0x22, 0x21, 0x00, 0x00, 0x00, 0x00, 0x00, 0x00, 0x00, 0x01, 0x23, 0x33, 0x22, 0x10, 0x00, 0x00, 0x00, 0x00, // .......OFAAAFFFO...............OFAAAFFO.........
  0x00, 0x00, 0x00, 0x12, 0x23, 0x33, 0x32, 0x22, 0x10, 0x00, 0x00, 0x00, 0x00, 0x00, 0x00, 0x01, 0x23, 0x33, 0x22, 0x10, 0x00, 0x00, 0x00, 0x00, // ......OFFAAAAFFFO..............OFAAAFFO.........
  0x00, 0x00, 0x00, 0x12, 0x23, 0x33, 0x33, 0x21, 0x11, 0x11, 0x11, 0x11, 0x11, 0x11, 0x00, 0x01, 0x23, 0x33, 0x32, 0x21, 0x00, 0x00, 0x00, 0x00, // ......OFFAAAAAFOOOOOOOOOOOOO...OFAAAAFFO........
  0x00, 0x00, 0x00, 0x12, 0x22, 0x11, 0x11, 0x12, 0x22, 0x22, 0x22, 0x22, 0x22, 0x22, 0x11, 0x11, 0x33, 0x33, 0x32, 0x21, 0x00, 0x00, 0x00, 0x00, // ......OFFFOOOOOFFFFFFFFFFFFFOOOOAAAAAFFO........
  0x00, 0x00, 0x00, 0x01, 0x21, 0x22, 0x22, 0x22, 0x22, 0x22, 0x22, 0x22, 0x22, 0x22, 0x22, 0x22, 0x11, 0x33, 0x22, 0x21, 0x00, 0x00, 0x00, 0x00, // .......OFOFFFFFFFFFFFFFFFFFFFFFFOOAAFFFO........
  0x00, 0x00, 0x00, 0x01, 0x12, 0x22, 0x22, 0x22, 0x22, 0x22, 0x22, 0x22, 0x22, 0x22, 0x22, 0x22, 0x22, 0x12, 0x22, 0x10, 0x00, 0x00, 0x00, 0x00, // .......OOFFFFFFFFFFFFFFFFFFFFFFFFFOFFFO.........
  0x00, 0x00, 0x00, 0x01, 0x22, 0x22, 0x22, 0x22, 0x22, 0x22, 0x22, 0x22, 0x22, 0x22, 0x22, 0x22, 0x22, 0x21, 0x22, 0x10, 0x00, 0x00, 0x00, 0x00, // .......OFFFFFFFFFFFFFFFFFFFFFFFFFFFOFFO.........
  0x00, 0x00, 0x00, 0x12, 0x22, 0x22, 0x22, 0x22, 0x22, 0x22, 0x22, 0x22, 0x22, 0x22, 0x22, 0x22, 0x22, 0x22, 0x11, 0x00, 0x00, 0x00, 0x00, 0x00, // ......OFFFFFFFFFFFFFFFFFFFFFFFFFFFFFOO..........
  0x00, 0x00, 0x00, 0x12, 0x22, 0x22, 0x22, 0x22, 0x22, 0x22, 0x22, 0x22, 0x22, 0x22, 0x22, 0x22, 0x22, 0x22, 0x21, 0x00, 0x00, 0x00, 0x00, 0x00, // ......OFFFFFFFFFFFFFFFFFFFFFFFFFFFFFFO..........
  0x00, 0x00, 0x01, 0x22, 0x22, 0x22, 0x22, 0x22, 0x22, 0x22, 0x22, 0x22, 0x22, 0x22, 0x22, 0x22, 0x22, 0x22, 0x21, 0x01, 0x00, 0x00, 0x00, 0x00, // .....OFFFFFFFFFFFFFFFFFFFFFFFFFFFFFFFO.O........
  0x00, 0x00, 0x01, 0x22, 0x22, 0x22, 0x22, 0x22, 0x22, 0x22, 0x22, 0x22, 0x22, 0x22, 0x22, 0x22, 0x22, 0x22, 0x21, 0x12, 0x11, 0x10, 0x00, 0x00, // .....OFFFFFFFFFFFFFFFFFFFFFFFFFFFFFFFOOFOOO.....
  0x00, 0x00, 0x01, 0x22, 0x22, 0x22, 0x24, 0x42, 0x22, 0x22, 0x22, 0x22, 0x22, 0x22, 0x44, 0x22, 0x22, 0x22, 0x21, 0x13, 0x22, 0x21, 0x00, 0x00, // .....OFFFFFFFDDFFFFFFFFFFFFFDDFFFFFFFOOAFFFO....
  0x00, 0x00, 0x01, 0x22, 0x22, 0x22, 0x24, 0x42, 0x22, 0x22, 0x22, 0x22, 0x22, 0x22, 0x44, 0x22, 0x22, 0x22, 0x21, 0x33, 0x33, 0x22, 0x10, 0x00, // .....OFFFFFFFDDFFFFFFFFFFFFFDDFFFFFFFOAAAAFFO...
  0x00, 0x00, 0x01, 0x22, 0x22, 0x22, 0x24, 0x42, 0x22, 0x22, 0x22, 0x22, 0x22, 0x22, 0x44, 0x22, 0x22, 0x22, 0x21, 0x33, 0x33, 0x32, 0x10, 0x00, // .....OFFFFFFFDDFFFFFFFFFFFFFDDFFFFFFFOAAAAAFO...
  0x00, 0x00, 0x01, 0x22, 0x22, 0x22, 0x33, 0x33, 0x22, 0x22, 0x22, 0x22, 0x23, 0x33, 0x33, 0x22, 0x22, 0x22, 0x21, 0x13, 0x33, 0x33, 0x21, 0x00, // .....OFFFFFFAAAAFFFFFFFFFAAAAAFFFFFFFOOAAAAAFO..
  0x00, 0x00, 0x01, 0x22, 0x23, 0x33, 0x33, 0x33, 0x33, 0x32, 0x22, 0x33, 0x33, 0x33, 0x33, 0x33, 0x33, 0x22, 0x10, 0x01, 0x33, 0x33, 0x22, 0x10, // .....OFFFAAAAAAAAAAFFFAAAAAAAAAAAAFFO..OAAAAFFO.
  0x00, 0x00, 0x00, 0x12, 0x23, 0x33, 0x33, 0x33, 0x33, 0x33, 0x34, 0x43, 0x33, 0x33, 0x33, 0x33, 0x32, 0x21, 0x00, 0x00, 0x33, 0x33, 0x32, 0x10, // ......OFFAAAAAAAAAAAADDAAAAAAAAAAFFO....AAAAAFO.
  0x00, 0x00, 0x00, 0x01, 0x22, 0x33, 0x33, 0x33, 0x33, 0x33, 0x33, 0x33, 0x33, 0x33, 0x33, 0x33, 0x32, 0x21, 0x00, 0x00, 0x33, 0x33, 0x32, 0x10, // .......OFFAAAAAAAAAAAAAAAAAAAAAAAFFO....AAAAAFO.
  0x00, 0x00, 0x00, 0x00, 0x12, 0x23, 0x33, 0x33, 0x33, 0x33, 0x43, 0x44, 0x33, 0x33, 0x33, 0x33, 0x22, 0x10, 0x00, 0x01, 0x23, 0x33, 0x22, 0x10, // ........OFFAAAAAAAAADADDAAAAAAAAFFO....OFAAAFFO.
  0x00, 0x00, 0x00, 0x00, 0x01, 0x22, 0x33, 0x33, 0x33, 0x33, 0x34, 0x33, 0x33, 0x33, 0x33, 0x32, 0x11, 0x00, 0x00, 0x01, 0x22, 0x32, 0x22, 0x10, // .........OFFAAAAAAAAADAAAAAAAAAFOO.....OFFAFFFO.
  0x00, 0x00, 0x00, 0x00, 0x00, 0x11, 0x22, 0x33, 0x33, 0x33, 0x33, 0x33, 0x33, 0x33, 0x22, 0x21, 0x00, 0x00, 0x00, 0x12, 0x22, 0x22, 0x22, 0x10, // ..........OOFFAAAAAAAAAAAAAAFFFO......OFFFFFFFO.
  0x00, 0x00, 0x00, 0x00, 0x00, 0x01, 0x11, 0x11, 0x11, 0x11, 0x11, 0x11, 0x11, 0x11, 0x11, 0x10, 0x00, 0x00, 0x01, 0x22, 0x22, 0x22, 0x22, 0x10, // ...........OOOOOOOOOOOOOOOOOOOO......OFFFFFFFFO.
  0x00, 0x00, 0x00, 0x00, 0x00, 0x01, 0x22, 0x22, 0x22, 0x22, 0x22, 0x22, 0x22, 0x22, 0x22, 0x21, 0x00, 0x01, 0x12, 0x22, 0x22, 0x12, 0x22, 0x10, // ...........OFFFFFFFFFFFFFFFFFFFO...OOFFFFFOFFFO.
  0x00, 0x00, 0x00, 0x00, 0x00, 0x12, 0x22, 0x22, 0x23, 0x33, 0x33, 0x33, 0x32, 0x22, 0x22, 0x22, 0x10, 0x12, 0x22, 0x22, 0x22, 0x12, 0x21, 0x00, // ..........OFFFFFFAAAAAAAAFFFFFFFO.OFFFFFFFOFFO..
  0x00, 0x00, 0x00, 0x00, 0x01, 0x22, 0x22, 0x22, 0x33, 0x33, 0x33, 0x33, 0x33, 0x22, 0x22, 0x22, 0x11, 0x22, 0x22, 0x22, 0x21, 0x22, 0x21, 0x00, // .........OFFFFFFAAAAAAAAAAFFFFFFOOFFFFFFFOFFFO..
  0x00, 0x00, 0x00, 0x00, 0x01, 0x22, 0x12, 0x22, 0x33, 0x33, 0x33, 0x33, 0x33, 0x32, 0x22, 0x12, 0x12, 0x22, 0x22, 0x22, 0x21, 0x22, 0x10, 0x00, // .........OFFOFFFAAAAAAAAAAAFFFOFOFFFFFFFFOFFO...
  0x00, 0x00, 0x00, 0x00, 0x01, 0x22, 0x12, 0x22, 0x33, 0x33, 0x33, 0x33, 0x33, 0x22, 0x22, 0x12, 0x12, 0x22, 0x22, 0x21, 0x12, 0x22, 0x10, 0x00, // .........OFFOFFFAAAAAAAAAAFFFFOFOFFFFFFOOFFFO...
  0x00, 0x00, 0x00, 0x00, 0x01, 0x22, 0x12, 0x22, 0x23, 0x33, 0x33, 0x33, 0x32, 0x22, 0x22, 0x12, 0x21, 0x22, 0x11, 0x12, 0x22, 0x21, 0x00, 0x00, // .........OFFOFFFFAAAAAAAAFFFFFOFFOFFOOOFFFFO....
  0x00, 0x00, 0x00, 0x00, 0x12, 0x22, 0x11, 0x22, 0x22, 0x33, 0x33, 0x33, 0x22, 0x22, 0x21, 0x12, 0x21, 0x11, 0x22, 0x22, 0x22, 0x10, 0x00, 0x00, // ........OFFFOOFFFFAAAAAAFFFFFOOFFOOOFFFFFFO.....
  0x00, 0x00, 0x00, 0x00, 0x12, 0x22, 0x22, 0x11, 0x22, 0x23, 0x32, 0x22, 0x22, 0x21, 0x12, 0x22, 0x21, 0x22, 0x22, 0x22, 0x21, 0x00, 0x00, 0x00, // ........OFFFFFOOFFFAAFFFFFFOOFFFFOFFFFFFFO......
  0x00, 0x00, 0x00, 0x00, 0x12, 0x22, 0x22, 0x22, 0x22, 0x22, 0x22, 0x22, 0x22, 0x22, 0x22, 0x22, 0x21, 0x22, 0x22, 0x22, 0x10, 0x00, 0x00, 0x00, // ........OFFFFFFFFFFFFFFFFFFFFFFFFOFFFFFFO.......
  0x00, 0x00, 0x00, 0x00, 0x12, 0x22, 0x22, 0x22, 0x22, 0x22, 0x22, 0x22, 0x22, 0x22, 0x22, 0x22, 0x12, 0x22, 0x21, 0x11, 0x00, 0x00, 0x00, 0x00, // ........OFFFFFFFFFFFFFFFFFFFFFFFOFFFFOOO........
  0x00, 0x00, 0x00, 0x00, 0x01, 0x22, 0x22, 0x22, 0x22, 0x22, 0x22, 0x22, 0x22, 0x22, 0x22, 0x21, 0x11, 0x11, 0x10, 0x00, 0x00, 0x00, 0x00, 0x00, // .........OFFFFFFFFFFFFFFFFFFFFFOOOOOO...........
  0x00, 0x00, 0x00, 0x00, 0x00, 0x12, 0x22, 0x22, 0x22, 0x22, 0x22, 0x22, 0x22, 0x22, 0x22, 0x21, 0x00, 0x00, 0x00, 0x00, 0x00, 0x00, 0x00, 0x00, // ..........OFFFFFFFFFFFFFFFFFFFFO................
  0x00, 0x00, 0x00, 0x00, 0x00, 0x11, 0x11, 0x11, 0x11, 0x11, 0x11, 0x11, 0x11, 0x11, 0x11, 0x11, 0x10, 0x00, 0x00, 0x00, 0x00, 0x00, 0x00, 0x00, // ..........OOOOOOOOOOOOOOOOOOOOOOO...............
  0x00, 0x00, 0x00, 0x00, 0x00, 0x13, 0x33, 0x33, 0x33, 0x10, 0x00, 0x00, 0x13, 0x33, 0x33, 0x33, 0x10, 0x00, 0x00, 0x00, 0x00, 0x00, 0x00, 0x00, // ..........OAAAAAAAO.....OAAAAAAAO...............
  0x00, 0x00, 0x00, 0x00, 0x00, 0x13, 0x33, 0x33, 0x33, 0x10, 0x00, 0x00, 0x13, 0x33, 0x33, 0x33, 0x10, 0x00, 0x00, 0x00, 0x00, 0x00, 0x00, 0x00, // ..........OAAAAAAAO.....OAAAAAAAO...............
  0x00, 0x00, 0x00, 0x00, 0x00, 0x11, 0x11, 0x11, 0x11, 0x10, 0x00, 0x00, 0x11, 0x11, 0x11, 0x11, 0x10, 0x00, 0x00, 0x00, 0x00, 0x00, 0x00, 0x00, // ..........OOOOOOOOO.....OOOOOOOOO...............
  0x00, 0x00, 0x00, 0x00, 0x00, 0x00, 0x00, 0x00, 0x00, 0x00, 0x00, 0x00, 0x00, 0x00, 0x00, 0x00, 0x00, 0x00, 0x00, 0x00, 0x00, 0x00, 0x00, 0x00, // ................................................
};

const uint8_t KITSUNE_BLINK[KITSUNE_FRAME_BYTES] PROGMEM = {
  0x00, 0x00, 0x00, 0x00, 0x00, 0x00, 0x00, 0x00, 0x00, 0x00, 0x00, 0x00, 0x00, 0x00, 0x00, 0x00, 0x00, 0x00, 0x00, 0x00, 0x00, 0x00, 0x00, 0x00, // ................................................
  0x00, 0x00, 0x00, 0x00, 0x00, 0x00, 0x00, 0x00, 0x00, 0x00, 0x00, 0x00, 0x00, 0x00, 0x00, 0x00, 0x00, 0x00, 0x00, 0x00, 0x00, 0x00, 0x00, 0x00, // ................................................
  0x00, 0x00, 0x00, 0x00, 0x01, 0x10, 0x00, 0x00, 0x00, 0x00, 0x00, 0x00, 0x00, 0x00, 0x00, 0x00, 0x00, 0x10, 0x00, 0x00, 0x00, 0x00, 0x00, 0x00, // .........OO.......................O.............
  0x00, 0x00, 0x00, 0x00, 0x12, 0x21, 0x00, 0x00, 0x00, 0x00, 0x00, 0x00, 0x00, 0x00, 0x00, 0x00, 0x01, 0x21, 0x10, 0x00, 0x00, 0x00, 0x00, 0x00, // ........OFFO.....................OFOO...........
  0x00, 0x00, 0x00, 0x00, 0x12, 0x22, 0x10, 0x00, 0x00, 0x00, 0x00, 0x00, 0x00, 0x00, 0x00, 0x00, 0x01, 0x22, 0x10, 0x00, 0x00, 0x00, 0x00, 0x00, // ........OFFFO....................OFFO...........
  0x00, 0x00, 0x00, 0x01, 0x22, 0x22, 0x10, 0x00, 0x00, 0x00, 0x00, 0x00, 0x00, 0x00, 0x00, 0x00, 0x01, 0x22, 0x21, 0x00, 0x00, 0x00, 0x00, 0x00, // .......OFFFFO....................OFFFO..........
  0x00, 0x00, 0x00, 0x01, 0x22, 0x22, 0x21, 0x00, 0x00, 0x00, 0x00, 0x00, 0x00, 0x00, 0x00, 0x00, 0x12, 0x22, 0x21, 0x00, 0x00, 0x00, 0x00, 0x00, // .......OFFFFFO..................OFFFFO..........
  0x00, 0x00, 0x00, 0x01, 0x22, 0x32, 0x22, 0x10, 0x00, 0x00, 0x00, 0x00, 0x00, 0x00, 0x00, 0x00, 0x12, 0x32, 0x21, 0x00, 0x00, 0x00, 0x00, 0x00, // .......OFFAFFFO.................OFAFFO..........
  0x00, 0x00, 0x00, 0x01, 0x23, 0x33, 0x22, 0x10, 0x00, 0x00, 0x00, 0x00, 0x00, 0x00, 0x00, 0x00, 0x12, 0x33, 0x22, 0x10, 0x00, 0x00, 0x00, 0x00, // .......OFAAAFFO.................OFAAFFO.........
  0x00, 0x00, 0x00, 0x01, 0x23, 0x33, 0x22, 0x21, 0x00, 0x00, 0x00, 0x00, 0x00, 0x00, 0x00, 0x01, 0x23, 0x33, 0x22, 0x10, 0x00, 0x00, 0x00, 0x00, // .......OFAAAFFFO...............OFAAAFFO.........
  0x00, 0x00, 0x00, 0x12, 0x23, 0x33, 0x32, 0x22, 0x10, 0x00, 0x00, 0x00, 0x00, 0x00, 0x00, 0x01, 0x23, 0x33, 0x22, 0x10, 0x00, 0x00, 0x00, 0x00, // ......OFFAAAAFFFO..............OFAAAFFO.........
  0x00, 0x00, 0x00, 0x12, 0x23, 0x33, 0x33, 0x21, 0x11, 0x11, 0x11, 0x11, 0x11, 0x11, 0x00, 0x01, 0x23, 0x33, 0x32, 0x21, 0x00, 0x00, 0x00, 0x00, // ......OFFAAAAAFOOOOOOOOOOOOO...OFAAAAFFO........
  0x00, 0x00, 0x00, 0x12, 0x22, 0x11, 0x11, 0x12, 0x22, 0x22, 0x22, 0x22, 0x22, 0x22, 0x11, 0x11, 0x33, 0x33, 0x32, 0x21, 0x00, 0x00, 0x00, 0x00, // ......OFFFOOOOOFFFFFFFFFFFFFOOOOAAAAAFFO........
  0x00, 0x00, 0x00, 0x01, 0x21, 0x22, 0x22, 0x22, 0x22, 0x22, 0x22, 0x22, 0x22, 0x22, 0x22, 0x22, 0x11, 0x33, 0x22, 0x21, 0x00, 0x00, 0x00, 0x00, // .......OFOFFFFFFFFFFFFFFFFFFFFFFOOAAFFFO........
  0x00, 0x00, 0x00, 0x01, 0x12, 0x22, 0x22, 0x22, 0x22, 0x22, 0x22, 0x22, 0x22, 0x22, 0x22, 0x22, 0x22, 0x12, 0x22, 0x10, 0x00, 0x00, 0x00, 0x00, // .......OOFFFFFFFFFFFFFFFFFFFFFFFFFOFFFO.........
  0x00, 0x00, 0x00, 0x01, 0x22, 0x22, 0x22, 0x22, 0x22, 0x22, 0x22, 0x22, 0x22, 0x22, 0x22, 0x22, 0x22, 0x21, 0x22, 0x10, 0x00, 0x00, 0x00, 0x00, // .......OFFFFFFFFFFFFFFFFFFFFFFFFFFFOFFO.........
  0x00, 0x00, 0x00, 0x12, 0x22, 0x22, 0x22, 0x22, 0x22, 0x22, 0x22, 0x22, 0x22, 0x22, 0x22, 0x22, 0x22, 0x22, 0x11, 0x00, 0x00, 0x00, 0x00, 0x00, // ......OFFFFFFFFFFFFFFFFFFFFFFFFFFFFFOO..........
  0x00, 0x00, 0x00, 0x12, 0x22, 0x22, 0x22, 0x22, 0x22, 0x22, 0x22, 0x22, 0x22, 0x22, 0x22, 0x22, 0x22, 0x22, 0x21, 0x00, 0x00, 0x00, 0x00, 0x00, // ......OFFFFFFFFFFFFFFFFFFFFFFFFFFFFFFO..........
  0x00, 0x00, 0x01, 0x22, 0x22, 0x22, 0x22, 0x22, 0x22, 0x22, 0x22, 0x22, 0x22, 0x22, 0x22, 0x22, 0x22, 0x22, 0x21, 0x01, 0x00, 0x00, 0x00, 0x00, // .....OFFFFFFFFFFFFFFFFFFFFFFFFFFFFFFFO.O........
  0x00, 0x00, 0x01, 0x22, 0x22, 0x22, 0x22, 0x22, 0x22, 0x22, 0x22, 0x22, 0x22, 0x22, 0x22, 0x22, 0x22, 0x22, 0x21, 0x12, 0x11, 0x10, 0x00, 0x00, // .....OFFFFFFFFFFFFFFFFFFFFFFFFFFFFFFFOOFOOO.....
  0x00, 0x00, 0x01, 0x22, 0x22, 0x22, 0x22, 0x22, 0x22, 0x22, 0x22, 0x22, 0x22, 0x22, 0x22, 0x22, 0x22, 0x22, 0x21, 0x13, 0x22, 0x21, 0x00, 0x00, // .....OFFFFFFFFFFFFFFFFFFFFFFFFFFFFFFFOOAFFFO....
  0x00, 0x00, 0x01, 0x22, 0x22, 0x22, 0x22, 0x22, 0x22, 0x22, 0x22, 0x22, 0x22, 0x22, 0x22, 0x22, 0x22, 0x22, 0x21, 0x33, 0x33, 0x22, 0x10, 0x00, // .....OFFFFFFFFFFFFFFFFFFFFFFFFFFFFFFFOAAAAFFO...
  0x00, 0x00, 0x01, 0x22, 0x22, 0x22, 0x44, 0x44, 0x22, 0x22, 0x22, 0x22, 0x22, 0x24, 0x44, 0x42, 0x22, 0x22, 0x21, 0x33, 0x33, 0x32, 0x10, 0x00, // .....OFFFFFFDDDDFFFFFFFFFFFDDDDFFFFFFOAAAAAFO...
  0x00, 0x00, 0x01, 0x22, 0x22, 0x22, 0x33, 0x33, 0x22, 0x22, 0x22, 0x22, 0x23, 0x33, 0x33, 0x22, 0x22, 0x22, 0x21, 0x13, 0x33, 0x33, 0x21, 0x00, // .....OFFFFFFAAAAFFFFFFFFFAAAAAFFFFFFFOOAAAAAFO..
  0x00, 0x00, 0x01, 0x22, 0x23, 0x33, 0x33, 0x33, 0x33, 0x32, 0x22, 0x33, 0x33, 0x33, 0x33, 0x33, 0x33, 0x22, 0x10, 0x01, 0x33, 0x33, 0x22, 0x10, // .....OFFFAAAAAAAAAAFFFAAAAAAAAAAAAFFO..OAAAAFFO.
  0x00, 0x00, 0x00, 0x12, 0x23, 0x33, 0x33, 0x33, 0x33, 0x33, 0x34, 0x43, 0x33, 0x33, 0x33, 0x33, 0x32, 0x21, 0x00, 0x00, 0x33, 0x33, 0x32, 0x10, // ......OFFAAAAAAAAAAAADDAAAAAAAAAAFFO....AAAAAFO.
  0x00, 0x00, 0x00, 0x01, 0x22, 0x33, 0x33, 0x33, 0x33, 0x33, 0x33, 0x33, 0x33, 0x33, 0x33, 0x33, 0x32, 0x21, 0x00, 0x00, 0x33, 0x33, 0x32, 0x10, // .......OFFAAAAAAAAAAAAAAAAAAAAAAAFFO....AAAAAFO.
  0x00, 0x00, 0x00, 0x00, 0x12, 0x23, 0x33, 0x33, 0x33, 0x33, 0x43, 0x44, 0x33, 0x33, 0x33, 0x33, 0x22, 0x10, 0x00, 0x01, 0x23, 0x33, 0x22, 0x10, // ........OFFAAAAAAAAADADDAAAAAAAAFFO....OFAAAFFO.
  0x00, 0x00, 0x00, 0x00, 0x01, 0x22, 0x33, 0x33, 0x33, 0x33, 0x34, 0x33, 0x33, 0x33, 0x33, 0x32, 0x11, 0x00, 0x00, 0x01, 0x22, 0x32, 0x22, 0x10, // .........OFFAAAAAAAAADAAAAAAAAAFOO.....OFFAFFFO.
  0x00, 0x00, 0x00, 0x00, 0x00, 0x11, 0x22, 0x33, 0x33, 0x33, 0x33, 0x33, 0x33, 0x33, 0x22, 0x21, 0x00, 0x00, 0x00, 0x12, 0x22, 0x22, 0x22, 0x10, // ..........OOFFAAAAAAAAAAAAAAFFFO......OFFFFFFFO.
  0x00, 0x00, 0x00, 0x00, 0x00, 0x01, 0x11, 0x11, 0x11, 0x11, 0x11, 0x11, 0x11, 0x11, 0x11, 0x10, 0x00, 0x00, 0x01, 0x22, 0x22, 0x22, 0x22, 0x10, // ...........OOOOOOOOOOOOOOOOOOOO......OFFFFFFFFO.
  0x00, 0x00, 0x00, 0x00, 0x00, 0x01, 0x22, 0x22, 0x22, 0x22, 0x22, 0x22, 0x22, 0x22, 0x22, 0x21, 0x00, 0x01, 0x12, 0x22, 0x22, 0x12, 0x22, 0x10, // ...........OFFFFFFFFFFFFFFFFFFFO...OOFFFFFOFFFO.
  0x00, 0x00, 0x00, 0x00, 0x00, 0x12, 0x22, 0x22, 0x23, 0x33, 0x33, 0x33, 0x32, 0x22, 0x22, 0x22, 0x10, 0x12, 0x22, 0x22, 0x22, 0x12, 0x21, 0x00, // ..........OFFFFFFAAAAAAAAFFFFFFFO.OFFFFFFFOFFO..
  0x00, 0x00, 0x00, 0x00, 0x01, 0x22, 0x22, 0x22, 0x33, 0x33, 0x33, 0x33, 0x33, 0x22, 0x22, 0x22, 0x11, 0x22, 0x22, 0x22, 0x21, 0x22, 0x21, 0x00, // .........OFFFFFFAAAAAAAAAAFFFFFFOOFFFFFFFOFFFO..
  0x00, 0x00, 0x00, 0x00, 0x01, 0x22, 0x12, 0x22, 0x33, 0x33, 0x33, 0x33, 0x33, 0x32, 0x22, 0x12, 0x12, 0x22, 0x22, 0x22, 0x21, 0x22, 0x10, 0x00, // .........OFFOFFFAAAAAAAAAAAFFFOFOFFFFFFFFOFFO...
  0x00, 0x00, 0x00, 0x00, 0x01, 0x22, 0x12, 0x22, 0x33, 0x33, 0x33, 0x33, 0x33, 0x22, 0x22, 0x12, 0x12, 0x22, 0x22, 0x21, 0x12, 0x22, 0x10, 0x00, // .........OFFOFFFAAAAAAAAAAFFFFOFOFFFFFFOOFFFO...
  0x00, 0x00, 0x00, 0x00, 0x01, 0x22, 0x12, 0x22, 0x23, 0x33, 0x33, 0x33, 0x32, 0x22, 0x22, 0x12, 0x21, 0x22, 0x11, 0x12, 0x22, 0x21, 0x00, 0x00, // .........OFFOFFFFAAAAAAAAFFFFFOFFOFFOOOFFFFO....
  0x00, 0x00, 0x00, 0x00, 0x12, 0x22, 0x11, 0x22, 0x22, 0x33, 0x33, 0x33, 0x22, 0x22, 0x21, 0x12, 0x21, 0x11, 0x22, 0x22, 0x22, 0x10, 0x00, 0x00, // ........OFFFOOFFFFAAAAAAFFFFFOOFFOOOFFFFFFO.....
  0x00, 0x00, 0x00, 0x00, 0x12, 0x22, 0x22, 0x11, 0x22, 0x23, 0x32, 0x22, 0x22, 0x21, 0x12, 0x22, 0x21, 0x22, 0x22, 0x22, 0x21, 0x00, 0x00, 0x00, // ........OFFFFFOOFFFAAFFFFFFOOFFFFOFFFFFFFO......
  0x00, 0x00, 0x00, 0x00, 0x12, 0x22, 0x22, 0x22, 0x22, 0x22, 0x22, 0x22, 0x22, 0x22, 0x22, 0x22, 0x21, 0x22, 0x22, 0x22, 0x10, 0x00, 0x00, 0x00, // ........OFFFFFFFFFFFFFFFFFFFFFFFFOFFFFFFO.......
  0x00, 0x00, 0x00, 0x00, 0x12, 0x22, 0x22, 0x22, 0x22, 0x22, 0x22, 0x22, 0x22, 0x22, 0x22, 0x22, 0x12, 0x22, 0x21, 0x11, 0x00, 0x00, 0x00, 0x00, // ........OFFFFFFFFFFFFFFFFFFFFFFFOFFFFOOO........
  0x00, 0x00, 0x00, 0x00, 0x01, 0x22, 0x22, 0x22, 0x22, 0x22, 0x22, 0x22, 0x22, 0x22, 0x22, 0x21, 0x11, 0x11, 0x10, 0x00, 0x00, 0x00, 0x00, 0x00, // .........OFFFFFFFFFFFFFFFFFFFFFOOOOOO...........
  0x00, 0x00, 0x00, 0x00, 0x00, 0x12, 0x22, 0x22, 0x22, 0x22, 0x22, 0x22, 0x22, 0x22, 0x22, 0x21, 0x00, 0x00, 0x00, 0x00, 0x00, 0x00, 0x00, 0x00, // ..........OFFFFFFFFFFFFFFFFFFFFO................
  0x00, 0x00, 0x00, 0x00, 0x00, 0x11, 0x11, 0x11, 0x11, 0x11, 0x11, 0x11, 0x11, 0x11, 0x11, 0x11, 0x10, 0x00, 0x00, 0x00, 0x00, 0x00, 0x00, 0x00, // ..........OOOOOOOOOOOOOOOOOOOOOOO...............
  0x00, 0x00, 0x00, 0x00, 0x00, 0x13, 0x33, 0x33, 0x33, 0x10, 0x00, 0x00, 0x13, 0x33, 0x33, 0x33, 0x10, 0x00, 0x00, 0x00, 0x00, 0x00, 0x00, 0x00, // ..........OAAAAAAAO.....OAAAAAAAO...............
  0x00, 0x00, 0x00, 0x00, 0x00, 0x13, 0x33, 0x33, 0x33, 0x10, 0x00, 0x00, 0x13, 0x33, 0x33, 0x33, 0x10, 0x00, 0x00, 0x00, 0x00, 0x00, 0x00, 0x00, // ..........OAAAAAAAO.....OAAAAAAAO...............
  0x00, 0x00, 0x00, 0x00, 0x00, 0x11, 0x11, 0x11, 0x11, 0x10, 0x00, 0x00, 0x11, 0x11, 0x11, 0x11, 0x10, 0x00, 0x00, 0x00, 0x00, 0x00, 0x00, 0x00, // ..........OOOOOOOOO.....OOOOOOOOO...............
  0x00, 0x00, 0x00, 0x00, 0x00, 0x00, 0x00, 0x00, 0x00, 0x00, 0x00, 0x00, 0x00, 0x00, 0x00, 0x00, 0x00, 0x00, 0x00, 0x00, 0x00, 0x00, 0x00, 0x00, // ................................................
};

const uint8_t KITSUNE_LOOK_LEFT[KITSUNE_FRAME_BYTES] PROGMEM = {
  0x00, 0x00, 0x00, 0x00, 0x00, 0x00, 0x00, 0x00, 0x00, 0x00, 0x00, 0x00, 0x00, 0x00, 0x00, 0x00, 0x00, 0x00, 0x00, 0x00, 0x00, 0x00, 0x00, 0x00, // ................................................
  0x00, 0x00, 0x00, 0x00, 0x00, 0x00, 0x00, 0x00, 0x00, 0x00, 0x00, 0x00, 0x00, 0x00, 0x00, 0x00, 0x00, 0x00, 0x00, 0x00, 0x00, 0x00, 0x00, 0x00, // ................................................
  0x00, 0x00, 0x00, 0x00, 0x01, 0x10, 0x00, 0x00, 0x00, 0x00, 0x00, 0x00, 0x00, 0x00, 0x00, 0x00, 0x00, 0x10, 0x00, 0x00, 0x00, 0x00, 0x00, 0x00, // .........OO.......................O.............
  0x00, 0x00, 0x00, 0x00, 0x12, 0x21, 0x00, 0x00, 0x00, 0x00, 0x00, 0x00, 0x00, 0x00, 0x00, 0x00, 0x01, 0x21, 0x10, 0x00, 0x00, 0x00, 0x00, 0x00, // ........OFFO.....................OFOO...........
  0x00, 0x00, 0x00, 0x00, 0x12, 0x22, 0x10, 0x00, 0x00, 0x00, 0x00, 0x00, 0x00, 0x00, 0x00, 0x00, 0x01, 0x22, 0x10, 0x00, 0x00, 0x00, 0x00, 0x00, // ........OFFFO....................OFFO...........
  0x00, 0x00, 0x00, 0x01, 0x22, 0x22, 0x10, 0x00, 0x00, 0x00, 0x00, 0x00, 0x00, 0x00, 0x00, 0x00, 0x01, 0x22, 0x21, 0x00, 0x00, 0x00, 0x00, 0x00, // .......OFFFFO....................OFFFO..........
  0x00, 0x00, 0x00, 0x01, 0x22, 0x22, 0x21, 0x00, 0x00, 0x00, 0x00, 0x00, 0x00, 0x00, 0x00, 0x00, 0x12, 0x22, 0x21, 0x00, 0x00, 0x00, 0x00, 0x00, // .......OFFFFFO..................OFFFFO..........
  0x00, 0x00, 0x00, 0x01, 0x22, 0x32, 0x22, 0x10, 0x00, 0x00, 0x00, 0x00, 0x00, 0x00, 0x00, 0x00, 0x12, 0x32, 0x21, 0x00, 0x00, 0x00, 0x00, 0x00, // .......OFFAFFFO.................OFAFFO..........
  0x00, 0x00, 0x00, 0x01, 0x23, 0x33, 0x22, 0x10, 0x00, 0x00, 0x00, 0x00, 0x00, 0x00, 0x00, 0x00, 0x12, 0x33, 0x22, 0x10, 0x00, 0x00, 0x00, 0x00, // .......OFAAAFFO.................OFAAFFO.........
  0x00, 0x00, 0x00, 0x01, 0x23, 0x33, 0x22, 0x21, 0x00, 0x00, 0x00, 0x00, 0x00, 0x00, 0x00, 0x01, 0x23, 0x33, 0x22, 0x10, 0x00, 0x00, 0x00, 0x00, // .......OFAAAFFFO...............OFAAAFFO.........
  0x00, 0x00, 0x00, 0x12, 0x23, 0x33, 0x32, 0x22, 0x10, 0x00, 0x00, 0x00, 0x00, 0x00, 0x00, 0x01, 0x23, 0x33, 0x22, 0x10, 0x00, 0x00, 0x00, 0x00, // ......OFFAAAAFFFO..............OFAAAFFO.........
  0x00, 0x00, 0x00, 0x12, 0x23, 0x33, 0x33, 0x21, 0x11, 0x11, 0x11, 0x11, 0x11, 0x11, 0x00, 0x01, 0x23, 0x33, 0x32, 0x21, 0x00, 0x00, 0x00, 0x00, // ......OFFAAAAAFOOOOOOOOOOOOO...OFAAAAFFO........
  0x00, 0x00, 0x00, 0x12, 0x22, 0x11, 0x11, 0x12, 0x22, 0x22, 0x22, 0x22, 0x22, 0x22, 0x11, 0x11, 0x33, 0x33, 0x32, 0x21, 0x00, 0x00, 0x00, 0x00, // ......OFFFOOOOOFFFFFFFFFFFFFOOOOAAAAAFFO........
  0x00, 0x00, 0x00, 0x01, 0x21, 0x22, 0x22, 0x22, 0x22, 0x22, 0x22, 0x22, 0x22, 0x22, 0x22, 0x22, 0x11, 0x33, 0x22, 0x21, 0x00, 0x00, 0x00, 0x00, // .......OFOFFFFFFFFFFFFFFFFFFFFFFOOAAFFFO........
  0x00, 0x00, 0x00, 0x01, 0x12, 0x22, 0x22, 0x22, 0x22, 0x22, 0x22, 0x22, 0x22, 0x22, 0x22, 0x22, 0x22, 0x12, 0x22, 0x10, 0x00, 0x00, 0x00, 0x00, // .......OOFFFFFFFFFFFFFFFFFFFFFFFFFOFFFO.........
  0x00, 0x00, 0x00, 0x01, 0x22, 0x22, 0x22, 0x22, 0x22, 0x22, 0x22, 0x22, 0x22, 0x22, 0x22, 0x22, 0x22, 0x21, 0x22, 0x10, 0x00, 0x00, 0x00, 0x00, // .......OFFFFFFFFFFFFFFFFFFFFFFFFFFFOFFO.........
  0x00, 0x00, 0x00, 0x12, 0x22, 0x22, 0x22, 0x22, 0x22, 0x22, 0x22, 0x22, 0x22, 0x22, 0x22, 0x22, 0x22, 0x22, 0x11, 0x00, 0x00, 0x00, 0x00, 0x00, // ......OFFFFFFFFFFFFFFFFFFFFFFFFFFFFFOO..........
  0x00, 0x00, 0x00, 0x12, 0x22, 0x22, 0x22, 0x22, 0x22, 0x22, 0x22, 0x22, 0x22, 0x22, 0x22, 0x22, 0x22, 0x22, 0x21, 0x00, 0x00, 0x00, 0x00, 0x00, // ......OFFFFFFFFFFFFFFFFFFFFFFFFFFFFFFO..........
  0x00, 0x00, 0x01, 0x22, 0x22, 0x22, 0x22, 0x22, 0x22, 0x22, 0x22, 0x22, 0x22, 0x22, 0x22, 0x22, 0x22, 0x22, 0x21, 0x01, 0x00, 0x00, 0x00, 0x00, // .....OFFFFFFFFFFFFFFFFFFFFFFFFFFFFFFFO.O........
  0x00, 0x00, 0x01, 0x22, 0x22, 0x22, 0x22, 0x22, 0x22, 0x22, 0x22, 0x22, 0x22, 0x22, 0x22, 0x22, 0x22, 0x22, 0x21, 0x12, 0x11, 0x10, 0x00, 0x00, // .....OFFFFFFFFFFFFFFFFFFFFFFFFFFFFFFFOOFOOO.....
  0x00, 0x00, 0x01, 0x22, 0x22, 0x24, 0x42, 0x22, 0x22, 0x22, 0x22, 0x22, 0x22, 0x44, 0x22, 0x22, 0x22, 0x22, 0x21, 0x13, 0x22, 0x21, 0x00, 0x00, // .....OFFFFFDDFFFFFFFFFFFFFDDFFFFFFFFFOOAFFFO....
  0x00, 0x00, 0x01, 0x22, 0x22, 0x24, 0x42, 0x22, 0x22, 0x22, 0x22, 0x22, 0x22, 0x44, 0x22, 0x22, 0x22, 0x22, 0x21, 0x33, 0x33, 0x22, 0x10, 0x00, // .....OFFFFFDDFFFFFFFFFFFFFDDFFFFFFFFFOAAAAFFO...
  0x00, 0x00, 0x01, 0x22, 0x22, 0x24, 0x42, 0x22, 0x22, 0x22, 0x22, 0x22, 0x22, 0x44, 0x22, 0x22, 0x22, 0x22, 0x21, 0x33, 0x33, 0x32, 0x10, 0x00, // .....OFFFFFDDFFFFFFFFFFFFFDDFFFFFFFFFOAAAAAFO...
  0x00, 0x00, 0x01, 0x22, 0x22, 0x22, 0x33, 0x33, 0x22, 0x22, 0x22, 0x22, 0x23, 0x33, 0x33, 0x22, 0x22, 0x22, 0x21, 0x13, 0x33, 0x33, 0x21, 0x00, // .....OFFFFFFAAAAFFFFFFFFFAAAAAFFFFFFFOOAAAAAFO..
  0x00, 0x00, 0x01, 0x22, 0x23, 0x33, 0x33, 0x33, 0x33, 0x32, 0x22, 0x33, 0x33, 0x33, 0x33, 0x33, 0x33, 0x22, 0x10, 0x01, 0x33, 0x33, 0x22, 0x10, // .....OFFFAAAAAAAAAAFFFAAAAAAAAAAAAFFO..OAAAAFFO.
  0x00, 0x00, 0x00, 0x12, 0x23, 0x33, 0x33, 0x33, 0x33, 0x33, 0x34, 0x43, 0x33, 0x33, 0x33, 0x33, 0x32, 0x21, 0x00, 0x00, 0x33, 0x33, 0x32, 0x10, // ......OFFAAAAAAAAAAAADDAAAAAAAAAAFFO....AAAAAFO.
  0x00, 0x00, 0x00, 0x01, 0x22, 0x33, 0x33, 0x33, 0x33, 0x33, 0x33, 0x33, 0x33, 0x33, 0x33, 0x33, 0x32, 0x21, 0x00, 0x00, 0x33, 0x33, 0x32, 0x10, // .......OFFAAAAAAAAAAAAAAAAAAAAAAAFFO....AAAAAFO.
  0x00, 0x00, 0x00, 0x00, 0x12, 0x23, 0x33, 0x33, 0x33, 0x33, 0x43, 0x44, 0x33, 0x33, 0x33, 0x33, 0x22, 0x10, 0x00, 0x01, 0x23, 0x33, 0x22, 0x10, // ........OFFAAAAAAAAADADDAAAAAAAAFFO....OFAAAFFO.
  0x00, 0x00, 0x00, 0x00, 0x01, 0x22, 0x33, 0x33, 0x33, 0x33, 0x34, 0x33, 0x33, 0x33, 0x33, 0x32, 0x11, 0x00, 0x00, 0x01, 0x22, 0x32, 0x22, 0x10, // .........OFFAAAAAAAAADAAAAAAAAAFOO.....OFFAFFFO.
  0x00, 0x00, 0x00, 0x00, 0x00, 0x11, 0x22, 0x33, 0x33, 0x33, 0x33, 0x33, 0x33, 0x33, 0x22, 0x21, 0x00, 0x00, 0x00, 0x12, 0x22, 0x22, 0x22, 0x10, // ..........OOFFAAAAAAAAAAAAAAFFFO......OFFFFFFFO.
  0x00, 0x00, 0x00, 0x00, 0x00, 0x01, 0x11, 0x11, 0x11, 0x11, 0x11, 0x11, 0x11, 0x11, 0x11, 0x10, 0x00, 0x00, 0x01, 0x22, 0x22, 0x22, 0x22, 0x10, // ...........OOOOOOOOOOOOOOOOOOOO......OFFFFFFFFO.
  0x00, 0x00, 0x00, 0x00, 0x00, 0x01, 0x22, 0x22, 0x22, 0x22, 0x22, 0x22, 0x22, 0x22, 0x22, 0x21, 0x00, 0x01, 0x12, 0x22, 0x22, 0x12, 0x22, 0x10, // ...........OFFFFFFFFFFFFFFFFFFFO...OOFFFFFOFFFO.
  0x00, 0x00, 0x00, 0x00, 0x00, 0x12, 0x22, 0x22, 0x23, 0x33, 0x33, 0x33, 0x32, 0x22, 0x22, 0x22, 0x10, 0x12, 0x22, 0x22, 0x22, 0x12, 0x21, 0x00, // ..........OFFFFFFAAAAAAAAFFFFFFFO.OFFFFFFFOFFO..
  0x00, 0x00, 0x00, 0x00, 0x01, 0x22, 0x22, 0x22, 0x33, 0x33, 0x33, 0x33, 0x33, 0x22, 0x22, 0x22, 0x11, 0x22, 0x22, 0x22, 0x21, 0x22, 0x21, 0x00, // .........OFFFFFFAAAAAAAAAAFFFFFFOOFFFFFFFOFFFO..
  0x00, 0x00, 0x00, 0x00, 0x01, 0x22, 0x12, 0x22, 0x33, 0x33, 0x33, 0x33, 0x33, 0x32, 0x22, 0x12, 0x12, 0x22, 0x22, 0x22, 0x21, 0x22, 0x10, 0x00, // .........OFFOFFFAAAAAAAAAAAFFFOFOFFFFFFFFOFFO...
  0x00, 0x00, 0x00, 0x00, 0x01, 0x22, 0x12, 0x22, 0x33, 0x33, 0x33, 0x33, 0x33, 0x22, 0x22, 0x12, 0x12, 0x22, 0x22, 0x21, 0x12, 0x22, 0x10, 0x00, // .........OFFOFFFAAAAAAAAAAFFFFOFOFFFFFFOOFFFO...
  0x00, 0x00, 0x00, 0x00, 0x01, 0x22, 0x12, 0x22, 0x23, 0x33, 0x33, 0x33, 0x32, 0x22, 0x22, 0x12, 0x21, 0x22, 0x11, 0x12, 0x22, 0x21, 0x00, 0x00, // .........OFFOFFFFAAAAAAAAFFFFFOFFOFFOOOFFFFO....
  0x00, 0x00, 0x00, 0x00, 0x12, 0x22, 0x11, 0x22, 0x22, 0x33, 0x33, 0x33, 0x22, 0x22, 0x21, 0x12, 0x21, 0x11, 0x22, 0x22, 0x22, 0x10, 0x00, 0x00, // ........OFFFOOFFFFAAAAAAFFFFFOOFFOOOFFFFFFO.....
  0x00, 0x00, 0x00, 0x00, 0x12, 0x22, 0x22, 0x11, 0x22, 0x23, 0x32, 0x22, 0x22, 0x21, 0x12, 0x22, 0x21, 0x22, 0x22, 0x22, 0x21, 0x00, 0x00, 0x00, // ........OFFFFFOOFFFAAFFFFFFOOFFFFOFFFFFFFO......
  0x00, 0x00, 0x00, 0x00, 0x12, 0x22, 0x22, 0x22, 0x22, 0x22, 0x22, 0x22, 0x22, 0x22, 0x22, 0x22, 0x21, 0x22, 0x22, 0x22, 0x10, 0x00, 0x00, 0x00, // ........OFFFFFFFFFFFFFFFFFFFFFFFFOFFFFFFO.......
  0x00, 0x00, 0x00, 0x00, 0x12, 0x22, 0x22, 0x22, 0x22, 0x22, 0x22, 0x22, 0x22, 0x22, 0x22, 0x22, 0x12, 0x22, 0x21, 0x11, 0x00, 0x00, 0x00, 0x00, // ........OFFFFFFFFFFFFFFFFFFFFFFFOFFFFOOO........
  0x00, 0x00, 0x00, 0x00, 0x01, 0x22, 0x22, 0x22, 0x22, 0x22, 0x22, 0x22, 0x22, 0x22, 0x22, 0x21, 0x11, 0x11, 0x10, 0x00, 0x00, 0x00, 0x00, 0x00, // .........OFFFFFFFFFFFFFFFFFFFFFOOOOOO...........
  0x00, 0x00, 0x00, 0x00, 0x00, 0x12, 0x22, 0x22, 0x22, 0x22, 0x22, 0x22, 0x22, 0x22, 0x22, 0x21, 0x00, 0x00, 0x00, 0x00, 0x00, 0x00, 0x00, 0x00, // ..........OFFFFFFFFFFFFFFFFFFFFO................
  0x00, 0x00, 0x00, 0x00, 0x00, 0x11, 0x11, 0x11, 0x11, 0x11, 0x11, 0x11, 0x11, 0x11, 0x11, 0x11, 0x10, 0x00, 0x00, 0x00, 0x00, 0x00, 0x00, 0x00, // ..........OOOOOOOOOOOOOOOOOOOOOOO...............
  0x00, 0x00, 0x00, 0x00, 0x00, 0x13, 0x33, 0x33, 0x33, 0x10, 0x00, 0x00, 0x13, 0x33, 0x33, 0x33, 0x10, 0x00, 0x00, 0x00, 0x00, 0x00, 0x00, 0x00, // ..........OAAAAAAAO.....OAAAAAAAO...............
  0x00, 0x00, 0x00, 0x00, 0x00, 0x13, 0x33, 0x33, 0x33, 0x10, 0x00, 0x00, 0x13, 0x33, 0x33, 0x33, 0x10, 0x00, 0x00, 0x00, 0x00, 0x00, 0x00, 0x00, // ..........OAAAAAAAO.....OAAAAAAAO...............
  0x00, 0x00, 0x00, 0x00, 0x00, 0x11, 0x11, 0x11, 0x11, 0x10, 0x00, 0x00, 0x11, 0x11, 0x11, 0x11, 0x10, 0x00, 0x00, 0x00, 0x00, 0x00, 0x00, 0x00, // ..........OOOOOOOOO.....OOOOOOOOO...............
  0x00, 0x00, 0x00, 0x00, 0x00, 0x00, 0x00, 0x00, 0x00, 0x00, 0x00, 0x00, 0x00, 0x00, 0x00, 0x00, 0x00, 0x00, 0x00, 0x00, 0x00, 0x00, 0x00, 0x00, // ................................................
};

const uint8_t KITSUNE_LOOK_RIGHT[KITSUNE_FRAME_BYTES] PROGMEM = {
  0x00, 0x00, 0x00, 0x00, 0x00, 0x00, 0x00, 0x00, 0x00, 0x00, 0x00, 0x00, 0x00, 0x00, 0x00, 0x00, 0x00, 0x00, 0x00, 0x00, 0x00, 0x00, 0x00, 0x00, // ................................................
  0x00, 0x00, 0x00, 0x00, 0x00, 0x00, 0x00, 0x00, 0x00, 0x00, 0x00, 0x00, 0x00, 0x00, 0x00, 0x00, 0x00, 0x00, 0x00, 0x00, 0x00, 0x00, 0x00, 0x00, // ................................................
  0x00, 0x00, 0x00, 0x00, 0x01, 0x10, 0x00, 0x00, 0x00, 0x00, 0x00, 0x00, 0x00, 0x00, 0x00, 0x00, 0x00, 0x10, 0x00, 0x00, 0x00, 0x00, 0x00, 0x00, // .........OO.......................O.............
  0x00, 0x00, 0x00, 0x00, 0x12, 0x21, 0x00, 0x00, 0x00, 0x00, 0x00, 0x00, 0x00, 0x00, 0x00, 0x00, 0x01, 0x21, 0x10, 0x00, 0x00, 0x00, 0x00, 0x00, // ........OFFO.....................OFOO...........
  0x00, 0x00, 0x00, 0x00, 0x12, 0x22, 0x10, 0x00, 0x00, 0x00, 0x00, 0x00, 0x00, 0x00, 0x00, 0x00, 0x01, 0x22, 0x10, 0x00, 0x00, 0x00, 0x00, 0x00, // ........OFFFO....................OFFO...........
  0x00, 0x00, 0x00, 0x01, 0x22, 0x22, 0x10, 0x00, 0x00, 0x00, 0x00, 0x00, 0x00, 0x00, 0x00, 0x00, 0x01, 0x22, 0x21, 0x00, 0x00, 0x00, 0x00, 0x00, // .......OFFFFO....................OFFFO..........
  0x00, 0x00, 0x00, 0x01, 0x22, 0x22, 0x21, 0x00, 0x00, 0x00, 0x00, 0x00, 0x00, 0x00, 0x00, 0x00, 0x12, 0x22, 0x21, 0x00, 0x00, 0x00, 0x00, 0x00, // .......OFFFFFO..................OFFFFO..........
  0x00, 0x00, 0x00, 0x01, 0x22, 0x32, 0x22, 0x10, 0x00, 0x00, 0x00, 0x00, 0x00, 0x00, 0x00, 0x00, 0x12, 0x32, 0x21, 0x00, 0x00, 0x00, 0x00, 0x00, // .......OFFAFFFO.................OFAFFO..........
  0x00, 0x00, 0x00, 0x01, 0x23, 0x33, 0x22, 0x10, 0x00, 0x00, 0x00, 0x00, 0x00, 0x00, 0x00, 0x00, 0x12, 0x33, 0x22, 0x10, 0x00, 0x00, 0x00, 0x00, // .......OFAAAFFO.................OFAAFFO.........
  0x00, 0x00, 0x00, 0x01, 0x23, 0x33, 0x22, 0x21, 0x00, 0x00, 0x00, 0x00, 0x00, 0x00, 0x00, 0x01, 0x23, 0x33, 0x22, 0x10, 0x00, 0x00, 0x00, 0x00, // .......OFAAAFFFO...............OFAAAFFO.........
  0x00, 0x00, 0x00, 0x12, 0x23, 0x33, 0x32, 0x22, 0x10, 0x00, 0x00, 0x00, 0x00, 0x00, 0x00, 0x01, 0x23, 0x33, 0x22, 0x10, 0x00, 0x00, 0x00, 0x00, // ......OFFAAAAFFFO..............OFAAAFFO.........
  0x00, 0x00, 0x00, 0x12, 0x23, 0x33, 0x33, 0x21, 0x11, 0x11, 0x11, 0x11, 0x11, 0x11, 0x00, 0x01, 0x23, 0x33, 0x32, 0x21, 0x00, 0x00, 0x00, 0x00, // ......OFFAAAAAFOOOOOOOOOOOOO...OFAAAAFFO........
  0x00, 0x00, 0x00, 0x12, 0x22, 0x11, 0x11, 0x12, 0x22, 0x22, 0x22, 0x22, 0x22, 0x22, 0x11, 0x11, 0x33, 0x33, 0x32, 0x21, 0x00, 0x00, 0x00, 0x00, // ......OFFFOOOOOFFFFFFFFFFFFFOOOOAAAAAFFO........
  0x00, 0x00, 0x00, 0x01, 0x21, 0x22, 0x22, 0x22, 0x22, 0x22, 0x22, 0x22, 0x22, 0x22, 0x22, 0x22, 0x11, 0x33, 0x22, 0x21, 0x00, 0x00, 0x00, 0x00, // .......OFOFFFFFFFFFFFFFFFFFFFFFFOOAAFFFO........
  0x00, 0x00, 0x00, 0x01, 0x12, 0x22, 0x22, 0x22, 0x22, 0x22, 0x22, 0x22, 0x22, 0x22, 0x22, 0x22, 0x22, 0x12, 0x22, 0x10, 0x00, 0x00, 0x00, 0x00, // .......OOFFFFFFFFFFFFFFFFFFFFFFFFFOFFFO.........
  0x00, 0x00, 0x00, 0x01, 0x22, 0x22, 0x22, 0x22, 0x22, 0x22, 0x22, 0x22, 0x22, 0x22, 0x22, 0x22, 0x22, 0x21, 0x22, 0x10, 0x00, 0x00, 0x00, 0x00, // .......OFFFFFFFFFFFFFFFFFFFFFFFFFFFOFFO.........
  0x00, 0x00, 0x00, 0x12, 0x22, 0x22, 0x22, 0x22, 0x22, 0x22, 0x22, 0x22, 0x22, 0x22, 0x22, 0x22, 0x22, 0x22, 0x11, 0x00, 0x00, 0x00, 0x00, 0x00, // ......OFFFFFFFFFFFFFFFFFFFFFFFFFFFFFOO..........
  0x00, 0x00, 0x00, 0x12, 0x22, 0x22, 0x22, 0x22, 0x22, 0x22, 0x22, 0x22, 0x22, 0x22, 0x22, 0x22, 0x22, 0x22, 0x21, 0x00, 0x00, 0x00, 0x00, 0x00, // ......OFFFFFFFFFFFFFFFFFFFFFFFFFFFFFFO..........
  0x00, 0x00, 0x01, 0x22, 0x22, 0x22, 0x22, 0x22, 0x22, 0x22, 0x22, 0x22, 0x22, 0x22, 0x22, 0x22, 0x22, 0x22, 0x21, 0x01, 0x00, 0x00, 0x00, 0x00, // .....OFFFFFFFFFFFFFFFFFFFFFFFFFFFFFFFO.O........
  0x00, 0x00, 0x01, 0x22, 0x22, 0x22, 0x22, 0x22, 0x22, 0x22, 0x22, 0x22, 0x22, 0x22, 0x22, 0x22, 0x22, 0x22, 0x21, 0x12, 0x11, 0x10, 0x00, 0x00, // .....OFFFFFFFFFFFFFFFFFFFFFFFFFFFFFFFOOFOOO.....
  0x00, 0x00, 0x01, 0x22, 0x22, 0x22, 0x22, 0x24, 0x42, 0x22, 0x22, 0x22, 0x22, 0x22, 0x22, 0x44, 0x22, 0x22, 0x21, 0x13, 0x22, 0x21, 0x00, 0x00, // .....OFFFFFFFFFDDFFFFFFFFFFFFFDDFFFFFOOAFFFO....
  0x00, 0x00, 0x01, 0x22, 0x22, 0x22, 0x22, 0x24, 0x42, 0x22, 0x22, 0x22, 0x22, 0x22, 0x22, 0x44, 0x22, 0x22, 0x21, 0x33, 0x33, 0x22, 0x10, 0x00, // .....OFFFFFFFFFDDFFFFFFFFFFFFFDDFFFFFOAAAAFFO...
  0x00, 0x00, 0x01, 0x22, 0x22, 0x22, 0x22, 0x24, 0x42, 0x22, 0x22, 0x22, 0x22, 0x22, 0x22, 0x44, 0x22, 0x22, 0x21, 0x33, 0x33, 0x32, 0x10, 0x00, // .....OFFFFFFFFFDDFFFFFFFFFFFFFDDFFFFFOAAAAAFO...
  0x00, 0x00, 0x01, 0x22, 0x22, 0x22, 0x33, 0x33, 0x22, 0x22, 0x22, 0x22, 0x23, 0x33, 0x33, 0x22, 0x22, 0x22, 0x21, 0x13, 0x33, 0x33, 0x21, 0x00, // .....OFFFFFFAAAAFFFFFFFFFAAAAAFFFFFFFOOAAAAAFO..
  0x00, 0x00, 0x01, 0x22, 0x23, 0x33, 0x33, 0x33, 0x33, 0x32, 0x22, 0x33, 0x33, 0x33, 0x33, 0x33, 0x33, 0x22, 0x10, 0x01, 0x33, 0x33, 0x22, 0x10, // .....OFFFAAAAAAAAAAFFFAAAAAAAAAAAAFFO..OAAAAFFO.
  0x00, 0x00, 0x00, 0x12, 0x23, 0x33, 0x33, 0x33, 0x33, 0x33, 0x34, 0x43, 0x33, 0x33, 0x33, 0x33, 0x32, 0x21, 0x00, 0x00, 0x33, 0x33, 0x32, 0x10, // ......OFFAAAAAAAAAAAADDAAAAAAAAAAFFO....AAAAAFO.
  0x00, 0x00, 0x00, 0x01, 0x22, 0x33, 0x33, 0x33, 0x33, 0x33, 0x33, 0x33, 0x33, 0x33, 0x33, 0x33, 0x32, 0x21, 0x00, 0x00, 0x33, 0x33, 0x32, 0x10, // .......OFFAAAAAAAAAAAAAAAAAAAAAAAFFO....AAAAAFO.
  0x00, 0x00, 0x00, 0x00, 0x12, 0x23, 0x33, 0x33, 0x33, 0x33, 0x43, 0x44, 0x33, 0x33, 0x33, 0x33, 0x22, 0x10, 0x00, 0x01, 0x23, 0x33, 0x22, 0x10, // ........OFFAAAAAAAAADADDAAAAAAAAFFO....OFAAAFFO.
  0x00, 0x00, 0x00, 0x00, 0x01, 0x22, 0x33, 0x33, 0x33, 0x33, 0x34, 0x33, 0x33, 0x33, 0x33, 0x32, 0x11, 0x00, 0x00, 0x01, 0x22, 0x32, 0x22, 0x10, // .........OFFAAAAAAAAADAAAAAAAAAFOO.....OFFAFFFO.
  0x00, 0x00, 0x00, 0x00, 0x00, 0x11, 0x22, 0x33, 0x33, 0x33, 0x33, 0x33, 0x33, 0x33, 0x22, 0x21, 0x00, 0x00, 0x00, 0x12, 0x22, 0x22, 0x22, 0x10, // ..........OOFFAAAAAAAAAAAAAAFFFO......OFFFFFFFO.
  0x00, 0x00, 0x00, 0x00, 0x00, 0x01, 0x11, 0x11, 0x11, 0x11, 0x11, 0x11, 0x11, 0x11, 0x11, 0x10, 0x00, 0x00, 0x01, 0x22, 0x22, 0x22, 0x22, 0x10, // ...........OOOOOOOOOOOOOOOOOOOO......OFFFFFFFFO.
  0x00, 0x00, 0x00, 0x00, 0x00, 0x01, 0x22, 0x22, 0x22, 0x22, 0x22, 0x22, 0x22, 0x22, 0x22, 0x21, 0x00, 0x01, 0x12, 0x22, 0x22, 0x12, 0x22, 0x10, // ...........OFFFFFFFFFFFFFFFFFFFO...OOFFFFFOFFFO.
  0x00, 0x00, 0x00, 0x00, 0x00, 0x12, 0x22, 0x22, 0x23, 0x33, 0x33, 0x33, 0x32, 0x22, 0x22, 0x22, 0x10, 0x12, 0x22, 0x22, 0x22, 0x12, 0x21, 0x00, // ..........OFFFFFFAAAAAAAAFFFFFFFO.OFFFFFFFOFFO..
  0x00, 0x00, 0x00, 0x00, 0x01, 0x22, 0x22, 0x22, 0x33, 0x33, 0x33, 0x33, 0x33, 0x22, 0x22, 0x22, 0x11, 0x22, 0x22, 0x22, 0x21, 0x22, 0x21, 0x00, // .........OFFFFFFAAAAAAAAAAFFFFFFOOFFFFFFFOFFFO..
  0x00, 0x00, 0x00, 0x00, 0x01, 0x22, 0x12, 0x22, 0x33, 0x33, 0x33, 0x33, 0x33, 0x32, 0x22, 0x12, 0x12, 0x22, 0x22, 0x22, 0x21, 0x22, 0x10, 0x00, // .........OFFOFFFAAAAAAAAAAAFFFOFOFFFFFFFFOFFO...
  0x00, 0x00, 0x00, 0x00, 0x01, 0x22, 0x12, 0x22, 0x33, 0x33, 0x33, 0x33, 0x33, 0x22, 0x22, 0x12, 0x12, 0x22, 0x22, 0x21, 0x12, 0x22, 0x10, 0x00, // .........OFFOFFFAAAAAAAAAAFFFFOFOFFFFFFOOFFFO...
  0x00, 0x00, 0x00, 0x00, 0x01, 0x22, 0x12, 0x22, 0x23, 0x33, 0x33, 0x33, 0x32, 0x22, 0x22, 0x12, 0x21, 0x22, 0x11, 0x12, 0x22, 0x21, 0x00, 0x00, // .........OFFOFFFFAAAAAAAAFFFFFOFFOFFOOOFFFFO....
  0x00, 0x00, 0x00, 0x00, 0x12, 0x22, 0x11, 0x22, 0x22, 0x33, 0x33, 0x33, 0x22, 0x22, 0x21, 0x12, 0x21, 0x11, 0x22, 0x22, 0x22, 0x10, 0x00, 0x00, // ........OFFFOOFFFFAAAAAAFFFFFOOFFOOOFFFFFFO.....
  0x00, 0x00, 0x00, 0x00, 0x12, 0x22, 0x22, 0x11, 0x22, 0x23, 0x32, 0x22, 0x22, 0x21, 0x12, 0x22, 0x21, 0x22, 0x22, 0x22, 0x21, 0x00, 0x00, 0x00, // ........OFFFFFOOFFFAAFFFFFFOOFFFFOFFFFFFFO......
  0x00, 0x00, 0x00, 0x00, 0x12, 0x22, 0x22, 0x22, 0x22, 0x22, 0x22, 0x22, 0x22, 0x22, 0x22, 0x22, 0x21, 0x22, 0x22, 0x22, 0x10, 0x00, 0x00, 0x00, // ........OFFFFFFFFFFFFFFFFFFFFFFFFOFFFFFFO.......
  0x00, 0x00, 0x00, 0x00, 0x12, 0x22, 0x22, 0x22, 0x22, 0x22, 0x22, 0x22, 0x22, 0x22, 0x22, 0x22, 0x12, 0x22, 0x21, 0x11, 0x00, 0x00, 0x00, 0x00, // ........OFFFFFFFFFFFFFFFFFFFFFFFOFFFFOOO........
  0x00, 0x00, 0x00, 0x00, 0x01, 0x22, 0x22, 0x22, 0x22, 0x22, 0x22, 0x22, 0x22, 0x22, 0x22, 0x21, 0x11, 0x11, 0x10, 0x00, 0x00, 0x00, 0x00, 0x00, // .........OFFFFFFFFFFFFFFFFFFFFFOOOOOO...........
  0x00, 0x00, 0x00, 0x00, 0x00, 0x12, 0x22, 0x22, 0x22, 0x22, 0x22, 0x22, 0x22, 0x22, 0x22, 0x21, 0x00, 0x00, 0x00, 0x00, 0x00, 0x00, 0x00, 0x00, // ..........OFFFFFFFFFFFFFFFFFFFFO................
  0x00, 0x00, 0x00, 0x00, 0x00, 0x11, 0x11, 0x11, 0x11, 0x11, 0x11, 0x11, 0x11, 0x11, 0x11, 0x11, 0x10, 0x00, 0x00, 0x00, 0x00, 0x00, 0x00, 0x00, // ..........OOOOOOOOOOOOOOOOOOOOOOO...............
  0x00, 0x00, 0x00, 0x00, 0x00, 0x13, 0x33, 0x33, 0x33, 0x10, 0x00, 0x00, 0x13, 0x33, 0x33, 0x33, 0x10, 0x00, 0x00, 0x00, 0x00, 0x00, 0x00, 0x00, // ..........OAAAAAAAO.....OAAAAAAAO...............
  0x00, 0x00, 0x00, 0x00, 0x00, 0x13, 0x33, 0x33, 0x33, 0x10, 0x00, 0x00, 0x13, 0x33, 0x33, 0x33, 0x10, 0x00, 0x00, 0x00, 0x00, 0x00, 0x00, 0x00, // ..........OAAAAAAAO.....OAAAAAAAO...............
  0x00, 0x00, 0x00, 0x00, 0x00, 0x11, 0x11, 0x11, 0x11, 0x10, 0x00, 0x00, 0x11, 0x11, 0x11, 0x11, 0x10, 0x00, 0x00, 0x00, 0x00, 0x00, 0x00, 0x00, // ..........OOOOOOOOO.....OOOOOOOOO...............
  0x00, 0x00, 0x00, 0x00, 0x00, 0x00, 0x00, 0x00, 0x00, 0x00, 0x00, 0x00, 0x00, 0x00, 0x00, 0x00, 0x00, 0x00, 0x00, 0x00, 0x00, 0x00, 0x00, 0x00, // ................................................
};

const uint8_t KITSUNE_HAPPY[KITSUNE_FRAME_BYTES] PROGMEM = {
  0x00, 0x00, 0x00, 0x00, 0x00, 0x00, 0x00, 0x00, 0x00, 0x00, 0x00, 0x00, 0x00, 0x00, 0x00, 0x00, 0x00, 0x00, 0x00, 0x00, 0x00, 0x00, 0x00, 0x00, // ................................................
  0x00, 0x00, 0x00, 0x00, 0x00, 0x00, 0x00, 0x00, 0x00, 0x00, 0x00, 0x00, 0x00, 0x00, 0x00, 0x00, 0x00, 0x00, 0x00, 0x00, 0x00, 0x00, 0x00, 0x00, // ................................................
  0x00, 0x00, 0x00, 0x00, 0x01, 0x10, 0x00, 0x00, 0x00, 0x00, 0x00, 0x00, 0x00, 0x00, 0x00, 0x00, 0x00, 0x10, 0x00, 0x00, 0x00, 0x00, 0x00, 0x00, // .........OO.......................O.............
  0x00, 0x00, 0x00, 0x00, 0x12, 0x21, 0x00, 0x00, 0x00, 0x00, 0x00, 0x00, 0x00, 0x00, 0x00, 0x00, 0x01, 0x21, 0x10, 0x00, 0x00, 0x00, 0x00, 0x00, // ........OFFO.....................OFOO...........
  0x00, 0x00, 0x00, 0x00, 0x12, 0x22, 0x10, 0x00, 0x00, 0x00, 0x00, 0x00, 0x00, 0x00, 0x00, 0x00, 0x01, 0x22, 0x10, 0x00, 0x00, 0x00, 0x00, 0x00, // ........OFFFO....................OFFO...........
  0x00, 0x00, 0x00, 0x01, 0x22, 0x22, 0x10, 0x00, 0x00, 0x00, 0x00, 0x00, 0x00, 0x00, 0x00, 0x00, 0x01, 0x22, 0x21, 0x00, 0x00, 0x00, 0x00, 0x00, // .......OFFFFO....................OFFFO..........
  0x00, 0x00, 0x00, 0x01, 0x22, 0x22, 0x21, 0x00, 0x00, 0x00, 0x00, 0x00, 0x00, 0x00, 0x00, 0x00, 0x12, 0x22, 0x21, 0x00, 0x00, 0x00, 0x00, 0x00, // .......OFFFFFO..................OFFFFO..........
  0x00, 0x00, 0x00, 0x01, 0x22, 0x32, 0x22, 0x10, 0x00, 0x00, 0x00, 0x00, 0x00, 0x00, 0x00, 0x00, 0x12, 0x32, 0x21, 0x00, 0x00, 0x00, 0x00, 0x00, // .......OFFAFFFO.................OFAFFO..........
  0x00, 0x00, 0x00, 0x01, 0x23, 0x33, 0x22, 0x10, 0x00, 0x00, 0x00, 0x00, 0x00, 0x00, 0x00, 0x00, 0x12, 0x33, 0x22, 0x10, 0x00, 0x00, 0x00, 0x00, // .......OFAAAFFO.................OFAAFFO.........
  0x00, 0x00, 0x00, 0x01, 0x23, 0x33, 0x22, 0x21, 0x00, 0x00, 0x00, 0x00, 0x00, 0x00, 0x00, 0x01, 0x23, 0x33, 0x22, 0x10, 0x00, 0x00, 0x00, 0x00, // .......OFAAAFFFO...............OFAAAFFO.........
  0x00, 0x00, 0x00, 0x12, 0x23, 0x33, 0x32, 0x22, 0x10, 0x00, 0x00, 0x00, 0x00, 0x00, 0x00, 0x01, 0x23, 0x33, 0x22, 0x10, 0x00, 0x00, 0x00, 0x00, // ......OFFAAAAFFFO..............OFAAAFFO.........
  0x00, 0x00, 0x00, 0x12, 0x23, 0x33, 0x33, 0x21, 0x11, 0x11, 0x11, 0x11, 0x11, 0x11, 0x00, 0x01, 0x23, 0x33, 0x32, 0x21, 0x00, 0x00, 0x00, 0x00, // ......OFFAAAAAFOOOOOOOOOOOOO...OFAAAAFFO........
  0x00, 0x00, 0x00, 0x12, 0x22, 0x11, 0x11, 0x12, 0x22, 0x22, 0x22, 0x22, 0x22, 0x22, 0x11, 0x11, 0x33, 0x33, 0x32, 0x21, 0x00, 0x00, 0x00, 0x00, // ......OFFFOOOOOFFFFFFFFFFFFFOOOOAAAAAFFO........
  0x00, 0x00, 0x00, 0x01, 0x21, 0x22, 0x22, 0x22, 0x22, 0x22, 0x22, 0x22, 0x22, 0x22, 0x22, 0x22, 0x11, 0x33, 0x22, 0x21, 0x00, 0x00, 0x00, 0x00, // .......OFOFFFFFFFFFFFFFFFFFFFFFFOOAAFFFO........
  0x00, 0x00, 0x00, 0x01, 0x12, 0x22, 0x22, 0x22, 0x22, 0x22, 0x22, 0x22, 0x22, 0x22, 0x22, 0x22, 0x22, 0x12, 0x22, 0x10, 0x00, 0x00, 0x00, 0x00, // .......OOFFFFFFFFFFFFFFFFFFFFFFFFFOFFFO.........
  0x00, 0x00, 0x00, 0x01, 0x22, 0x22, 0x22, 0x22, 0x22, 0x22, 0x22, 0x22, 0x22, 0x22, 0x22, 0x22, 0x22, 0x21, 0x22, 0x10, 0x00, 0x00, 0x00, 0x00, // .......OFFFFFFFFFFFFFFFFFFFFFFFFFFFOFFO.........
  0x00, 0x00, 0x00, 0x12, 0x22, 0x22, 0x22, 0x22, 0x22, 0x22, 0x22, 0x22, 0x22, 0x22, 0x22, 0x22, 0x22, 0x22, 0x11, 0x00, 0x00, 0x00, 0x00, 0x00, // ......OFFFFFFFFFFFFFFFFFFFFFFFFFFFFFOO..........
  0x00, 0x00, 0x00, 0x12, 0x22, 0x22, 0x22, 0x22, 0x22, 0x22, 0x22, 0x22, 0x22, 0x22, 0x22, 0x22, 0x22, 0x22, 0x21, 0x00, 0x00, 0x00, 0x00, 0x00, // ......OFFFFFFFFFFFFFFFFFFFFFFFFFFFFFFO..........
  0x00, 0x00, 0x01, 0x22, 0x22, 0x22, 0x22, 0x22, 0x22, 0x22, 0x22, 0x22, 0x22, 0x22, 0x22, 0x22, 0x22, 0x22, 0x21, 0x01, 0x00, 0x00, 0x00, 0x00, // .....OFFFFFFFFFFFFFFFFFFFFFFFFFFFFFFFO.O........
  0x00, 0x00, 0x01, 0x22, 0x22, 0x22, 0x22, 0x22, 0x22, 0x22, 0x22, 0x22, 0x22, 0x22, 0x22, 0x22, 0x22, 0x22, 0x21, 0x12, 0x11, 0x10, 0x00, 0x00, // .....OFFFFFFFFFFFFFFFFFFFFFFFFFFFFFFFOOFOOO.....
  0x00, 0x00, 0x01, 0x22, 0x22, 0x22, 0x24, 0x22, 0x22, 0x22, 0x22, 0x22, 0x22, 0x22, 0x42, 0x22, 0x22, 0x22, 0x21, 0x13, 0x22, 0x21, 0x00, 0x00, // .....OFFFFFFFDFFFFFFFFFFFFFFDFFFFFFFFOOAFFFO....
  0x00, 0x00, 0x01, 0x22, 0x22, 0x22, 0x42, 0x44, 0x22, 0x22, 0x22, 0x22, 0x22, 0x24, 0x24, 0x42, 0x22, 0x22, 0x21, 0x33, 0x33, 0x22, 0x10, 0x00, // .....OFFFFFFDFDDFFFFFFFFFFFDFDDFFFFFFOAAAAFFO...
  0x00, 0x00, 0x01, 0x22, 0x22, 0x22, 0x22, 0x22, 0x22, 0x22, 0x22, 0x22, 0x22, 0x22, 0x22, 0x22, 0x22, 0x22, 0x21, 0x33, 0x33, 0x32, 0x10, 0x00, // .....OFFFFFFFFFFFFFFFFFFFFFFFFFFFFFFFOAAAAAFO...
  0x00, 0x00, 0x01, 0x22, 0x22, 0x22, 0x33, 0x33, 0x22, 0x22, 0x22, 0x22, 0x23, 0x33, 0x33, 0x22, 0x22, 0x22, 0x21, 0x13, 0x33, 0x33, 0x21, 0x00, // .....OFFFFFFAAAAFFFFFFFFFAAAAAFFFFFFFOOAAAAAFO..
  0x00, 0x00, 0x01, 0x22, 0x23, 0x33, 0x33, 0x33, 0x33, 0x32, 0x22, 0x33, 0x33, 0x33, 0x33, 0x33, 0x33, 0x22, 0x10, 0x01, 0x33, 0x33, 0x22, 0x10, // .....OFFFAAAAAAAAAAFFFAAAAAAAAAAAAFFO..OAAAAFFO.
  0x00, 0x00, 0x00, 0x12, 0x23, 0x33, 0x33, 0x33, 0x33, 0x33, 0x34, 0x43, 0x33, 0x33, 0x33, 0x33, 0x32, 0x21, 0x00, 0x00, 0x33, 0x33, 0x32, 0x10, // ......OFFAAAAAAAAAAAADDAAAAAAAAAAFFO....AAAAAFO.
  0x00, 0x00, 0x00, 0x01, 0x22, 0x33, 0x33, 0x33, 0x33, 0x33, 0x33, 0x33, 0x33, 0x33, 0x33, 0x33, 0x32, 0x21, 0x00, 0x00, 0x33, 0x33, 0x32, 0x10, // .......OFFAAAAAAAAAAAAAAAAAAAAAAAFFO....AAAAAFO.
  0x00, 0x00, 0x00, 0x00, 0x12, 0x23, 0x33, 0x33, 0x33, 0x33, 0x43, 0x44, 0x33, 0x33, 0x33, 0x33, 0x22, 0x10, 0x00, 0x01, 0x23, 0x33, 0x22, 0x10, // ........OFFAAAAAAAAADADDAAAAAAAAFFO....OFAAAFFO.
  0x00, 0x00, 0x00, 0x00, 0x01, 0x22, 0x33, 0x33, 0x33, 0x33, 0x34, 0x33, 0x33, 0x33, 0x33, 0x32, 0x11, 0x00, 0x00, 0x01, 0x22, 0x32, 0x22, 0x10, // .........OFFAAAAAAAAADAAAAAAAAAFOO.....OFFAFFFO.
  0x00, 0x00, 0x00, 0x00, 0x00, 0x11, 0x22, 0x33, 0x33, 0x33, 0x33, 0x33, 0x33, 0x33, 0x22, 0x21, 0x00, 0x00, 0x00, 0x12, 0x22, 0x22, 0x22, 0x10, // ..........OOFFAAAAAAAAAAAAAAFFFO......OFFFFFFFO.
  0x00, 0x00, 0x00, 0x00, 0x00, 0x01, 0x11, 0x11, 0x11, 0x11, 0x11, 0x11, 0x11, 0x11, 0x11, 0x10, 0x00, 0x00, 0x01, 0x22, 0x22, 0x22, 0x22, 0x10, // ...........OOOOOOOOOOOOOOOOOOOO......OFFFFFFFFO.
  0x00, 0x00, 0x00, 0x00, 0x00, 0x01, 0x22, 0x22, 0x22, 0x22, 0x22, 0x22, 0x22, 0x22, 0x22, 0x21, 0x00, 0x01, 0x12, 0x22, 0x22, 0x12, 0x22, 0x10, // ...........OFFFFFFFFFFFFFFFFFFFO...OOFFFFFOFFFO.
  0x00, 0x00, 0x00, 0x00, 0x00, 0x12, 0x22, 0x22, 0x23, 0x33, 0x33, 0x33, 0x32, 0x22, 0x22, 0x22, 0x10, 0x12, 0x22, 0x22, 0x22, 0x12, 0x21, 0x00, // ..........OFFFFFFAAAAAAAAFFFFFFFO.OFFFFFFFOFFO..
  0x00, 0x00, 0x00, 0x00, 0x01, 0x22, 0x22, 0x22, 0x33, 0x33, 0x33, 0x33, 0x33, 0x22, 0x22, 0x22, 0x11, 0x22, 0x22, 0x22, 0x21, 0x22, 0x21, 0x00, // .........OFFFFFFAAAAAAAAAAFFFFFFOOFFFFFFFOFFFO..
  0x00, 0x00, 0x00, 0x00, 0x01, 0x22, 0x12, 0x22, 0x33, 0x33, 0x33, 0x33, 0x33, 0x32, 0x22, 0x12, 0x12, 0x22, 0x22, 0x22, 0x21, 0x22, 0x10, 0x00, // .........OFFOFFFAAAAAAAAAAAFFFOFOFFFFFFFFOFFO...
  0x00, 0x00, 0x00, 0x00, 0x01, 0x22, 0x12, 0x22, 0x33, 0x33, 0x33, 0x33, 0x33, 0x22, 0x22, 0x12, 0x12, 0x22, 0x22, 0x21, 0x12, 0x22, 0x10, 0x00, // .........OFFOFFFAAAAAAAAAAFFFFOFOFFFFFFOOFFFO...
  0x00, 0x00, 0x00, 0x00, 0x01, 0x22, 0x12, 0x22, 0x23, 0x33, 0x33, 0x33, 0x32, 0x22, 0x22, 0x12, 0x21, 0x22, 0x11, 0x12, 0x22, 0x21, 0x00, 0x00, // .........OFFOFFFFAAAAAAAAFFFFFOFFOFFOOOFFFFO....
  0x00, 0x00, 0x00, 0x00, 0x12, 0x22, 0x11, 0x22, 0x22, 0x33, 0x33, 0x33, 0x22, 0x22, 0x21, 0x12, 0x21, 0x11, 0x22, 0x22, 0x22, 0x10, 0x00, 0x00, // ........OFFFOOFFFFAAAAAAFFFFFOOFFOOOFFFFFFO.....
  0x00, 0x00, 0x00, 0x00, 0x12, 0x22, 0x22, 0x11, 0x22, 0x23, 0x32, 0x22, 0x22, 0x21, 0x12, 0x22, 0x21, 0x22, 0x22, 0x22, 0x21, 0x00, 0x00, 0x00, // ........OFFFFFOOFFFAAFFFFFFOOFFFFOFFFFFFFO......
  0x00, 0x00, 0x00, 0x00, 0x12, 0x22, 0x22, 0x22, 0x22, 0x22, 0x22, 0x22, 0x22, 0x22, 0x22, 0x22, 0x21, 0x22, 0x22, 0x22, 0x10, 0x00, 0x00, 0x00, // ........OFFFFFFFFFFFFFFFFFFFFFFFFOFFFFFFO.......
  0x00, 0x00, 0x00, 0x00, 0x12, 0x22, 0x22, 0x22, 0x22, 0x22, 0x22, 0x22, 0x22, 0x22, 0x22, 0x22, 0x12, 0x22, 0x21, 0x11, 0x00, 0x00, 0x00, 0x00, // ........OFFFFFFFFFFFFFFFFFFFFFFFOFFFFOOO........
  0x00, 0x00, 0x00, 0x00, 0x01, 0x22, 0x22, 0x22, 0x22, 0x22, 0x22, 0x22, 0x22, 0x22, 0x22, 0x21, 0x11, 0x11, 0x10, 0x00, 0x00, 0x00, 0x00, 0x00, // .........OFFFFFFFFFFFFFFFFFFFFFOOOOOO...........
  0x00, 0x00, 0x00, 0x00, 0x00, 0x12, 0x22, 0x22, 0x22, 0x22, 0x22, 0x22, 0x22, 0x22, 0x22, 0x21, 0x00, 0x00, 0x00, 0x00, 0x00, 0x00, 0x00, 0x00, // ..........OFFFFFFFFFFFFFFFFFFFFO................
  0x00, 0x00, 0x00, 0x00, 0x00, 0x11, 0x11, 0x11, 0x11, 0x11, 0x11, 0x11, 0x11, 0x11, 0x11, 0x11, 0x10, 0x00, 0x00, 0x00, 0x00, 0x00, 0x00, 0x00, // ..........OOOOOOOOOOOOOOOOOOOOOOO...............
  0x00, 0x00, 0x00, 0x00, 0x00, 0x13, 0x33, 0x33, 0x33, 0x10, 0x00, 0x00, 0x13, 0x33, 0x33, 0x33, 0x10, 0x00, 0x00, 0x00, 0x00, 0x00, 0x00, 0x00, // ..........OAAAAAAAO.....OAAAAAAAO...............
  0x00, 0x00, 0x00, 0x00, 0x00, 0x13, 0x33, 0x33, 0x33, 0x10, 0x00, 0x00, 0x13, 0x33, 0x33, 0x33, 0x10, 0x00, 0x00, 0x00, 0x00, 0x00, 0x00, 0x00, // ..........OAAAAAAAO.....OAAAAAAAO...............
  0x00, 0x00, 0x00, 0x00, 0x00, 0x11, 0x11, 0x11, 0x11, 0x10, 0x00, 0x00, 0x11, 0x11, 0x11, 0x11, 0x10, 0x00, 0x00, 0x00, 0x00, 0x00, 0x00, 0x00, // ..........OOOOOOOOO.....OOOOOOOOO...............
  0x00, 0x00, 0x00, 0x00, 0x00, 0x00, 0x00, 0x00, 0x00, 0x00, 0x00, 0x00, 0x00, 0x00, 0x00, 0x00, 0x00, 0x00, 0x00, 0x00, 0x00, 0x00, 0x00, 0x00, // ................................................
};

const uint8_t KITSUNE_EXCITED[KITSUNE_FRAME_BYTES] PROGMEM = {
  0x00, 0x00, 0x00, 0x00, 0x00, 0x00, 0x00, 0x00, 0x00, 0x00, 0x00, 0x00, 0x00, 0x00, 0x00, 0x00, 0x00, 0x00, 0x00, 0x00, 0x00, 0x00, 0x00, 0x00, // ................................................
  0x00, 0x00, 0x00, 0x00, 0x00, 0x00, 0x00, 0x00, 0x00, 0x00, 0x00, 0x00, 0x00, 0x00, 0x00, 0x00, 0x00, 0x00, 0x00, 0x00, 0x00, 0x00, 0x00, 0x00, // ................................................
  0x00, 0x00, 0x00, 0x00, 0x01, 0x10, 0x00, 0x00, 0x00, 0x00, 0x00, 0x00, 0x00, 0x00, 0x00, 0x00, 0x00, 0x10, 0x00, 0x00, 0x00, 0x00, 0x00, 0x00, // .........OO.......................O.............
  0x00, 0x00, 0x00, 0x00, 0x12, 0x21, 0x00, 0x00, 0x00, 0x00, 0x00, 0x00, 0x00, 0x00, 0x00, 0x00, 0x01, 0x21, 0x10, 0x00, 0x00, 0x00, 0x00, 0x00, // ........OFFO.....................OFOO...........
  0x00, 0x00, 0x00, 0x00, 0x12, 0x22, 0x10, 0x00, 0x00, 0x00, 0x00, 0x00, 0x00, 0x00, 0x00, 0x00, 0x01, 0x22, 0x10, 0x00, 0x00, 0x00, 0x00, 0x00, // ........OFFFO....................OFFO...........
  0x00, 0x00, 0x00, 0x01, 0x22, 0x22, 0x10, 0x00, 0x00, 0x00, 0x00, 0x00, 0x00, 0x00, 0x00, 0x00, 0x01, 0x22, 0x21, 0x00, 0x00, 0x00, 0x00, 0x00, // .......OFFFFO....................OFFFO..........
  0x00, 0x00, 0x00, 0x01, 0x22, 0x22, 0x21, 0x00, 0x00, 0x00, 0x00, 0x00, 0x00, 0x00, 0x00, 0x00, 0x12, 0x22, 0x21, 0x00, 0x00, 0x00, 0x00, 0x00, // .......OFFFFFO..................OFFFFO..........
  0x00, 0x00, 0x00, 0x01, 0x22, 0x32, 0x22, 0x10, 0x00, 0x00, 0x00, 0x00, 0x00, 0x00, 0x00, 0x00, 0x12, 0x32, 0x21, 0x00, 0x00, 0x00, 0x00, 0x00, // .......OFFAFFFO.................OFAFFO..........
  0x00, 0x00, 0x00, 0x01, 0x23, 0x33, 0x22, 0x10, 0x00, 0x00, 0x00, 0x00, 0x00, 0x00, 0x00, 0x00, 0x12, 0x33, 0x22, 0x10, 0x00, 0x00, 0x00, 0x00, // .......OFAAAFFO.................OFAAFFO.........
  0x00, 0x00, 0x00, 0x01, 0x23, 0x33, 0x22, 0x21, 0x00, 0x00, 0x00, 0x00, 0x00, 0x00, 0x00, 0x01, 0x23, 0x33, 0x22, 0x10, 0x00, 0x00, 0x00, 0x00, // .......OFAAAFFFO...............OFAAAFFO.........
  0x00, 0x00, 0x00, 0x12, 0x23, 0x33, 0x32, 0x22, 0x10, 0x00, 0x00, 0x00, 0x00, 0x00, 0x00, 0x01, 0x23, 0x33, 0x22, 0x10, 0x00, 0x00, 0x00, 0x00, // ......OFFAAAAFFFO..............OFAAAFFO.........
  0x00, 0x00, 0x00, 0x12, 0x23, 0x33, 0x33, 0x21, 0x11, 0x11, 0x11, 0x11, 0x11, 0x11, 0x00, 0x01, 0x23, 0x33, 0x32, 0x21, 0x00, 0x00, 0x00, 0x00, // ......OFFAAAAAFOOOOOOOOOOOOO...OFAAAAFFO........
  0x00, 0x00, 0x00, 0x12, 0x22, 0x11, 0x11, 0x12, 0x22, 0x22, 0x22, 0x22, 0x22, 0x22, 0x11, 0x11, 0x33, 0x33, 0x32, 0x21, 0x00, 0x00, 0x00, 0x00, // ......OFFFOOOOOFFFFFFFFFFFFFOOOOAAAAAFFO........
  0x00, 0x00, 0x00, 0x01, 0x21, 0x22, 0x22, 0x22, 0x22, 0x22, 0x22, 0x22, 0x22, 0x22, 0x22, 0x22, 0x11, 0x33, 0x22, 0x21, 0x00, 0x00, 0x00, 0x00, // .......OFOFFFFFFFFFFFFFFFFFFFFFFOOAAFFFO........
  0x00, 0x00, 0x00, 0x01, 0x12, 0x22, 0x22, 0x22, 0x22, 0x22, 0x22, 0x22, 0x22, 0x22, 0x22, 0x22, 0x22, 0x12, 0x22, 0x10, 0x00, 0x00, 0x00, 0x00, // .......OOFFFFFFFFFFFFFFFFFFFFFFFFFOFFFO.........
  0x00, 0x00, 0x00, 0x01, 0x22, 0x22, 0x22, 0x22, 0x22, 0x22, 0x22, 0x22, 0x22, 0x22, 0x22, 0x22, 0x22, 0x21, 0x22, 0x10, 0x00, 0x00, 0x00, 0x00, // .......OFFFFFFFFFFFFFFFFFFFFFFFFFFFOFFO.........
  0x00, 0x00, 0x00, 0x12, 0x22, 0x22, 0x22, 0x22, 0x22, 0x22, 0x22, 0x22, 0x22, 0x22, 0x22, 0x22, 0x22, 0x22, 0x11, 0x00, 0x00, 0x00, 0x00, 0x00, // ......OFFFFFFFFFFFFFFFFFFFFFFFFFFFFFOO..........
  0x00, 0x00, 0x00, 0x12, 0x22, 0x22, 0x22, 0x22, 0x22, 0x22, 0x22, 0x22, 0x22, 0x22, 0x22, 0x22, 0x22, 0x22, 0x21, 0x00, 0x00, 0x00, 0x00, 0x00, // ......OFFFFFFFFFFFFFFFFFFFFFFFFFFFFFFO..........
  0x00, 0x00, 0x01, 0x22, 0x22, 0x22, 0x22, 0x22, 0x22, 0x22, 0x22, 0x22, 0x22, 0x22, 0x22, 0x22, 0x22, 0x22, 0x21, 0x01, 0x00, 0x00, 0x00, 0x00, // .....OFFFFFFFFFFFFFFFFFFFFFFFFFFFFFFFO.O........
  0x00, 0x00, 0x01, 0x22, 0x22, 0x22, 0x22, 0x22, 0x22, 0x22, 0x22, 0x22, 0x22, 0x22, 0x22, 0x22, 0x22, 0x22, 0x21, 0x12, 0x11, 0x10, 0x00, 0x00, // .....OFFFFFFFFFFFFFFFFFFFFFFFFFFFFFFFOOFOOO.....
  0x00, 0x00, 0x01, 0x22, 0x22, 0x22, 0x24, 0x42, 0x22, 0x22, 0x22, 0x22, 0x22, 0x22, 0x44, 0x22, 0x22, 0x22, 0x21, 0x13, 0x22, 0x21, 0x00, 0x00, // .....OFFFFFFFDDFFFFFFFFFFFFFDDFFFFFFFOOAFFFO....
  0x00, 0x00, 0x01, 0x22, 0x22, 0x22, 0x24, 0x42, 0x22, 0x22, 0x22, 0x22, 0x22, 0x22, 0x44, 0x22, 0x22, 0x22, 0x21, 0x33, 0x33, 0x22, 0x10, 0x00, // .....OFFFFFFFDDFFFFFFFFFFFFFDDFFFFFFFOAAAAFFO...
  0x00, 0x00, 0x01, 0x22, 0x22, 0x22, 0x24, 0x42, 0x22, 0x22, 0x22, 0x22, 0x22, 0x22, 0x44, 0x22, 0x22, 0x22, 0x21, 0x33, 0x33, 0x32, 0x10, 0x00, // .....OFFFFFFFDDFFFFFFFFFFFFFDDFFFFFFFOAAAAAFO...
  0x00, 0x00, 0x01, 0x22, 0x22, 0x22, 0x34, 0x43, 0x22, 0x22, 0x22, 0x22, 0x23, 0x33, 0x44, 0x22, 0x22, 0x22, 0x21, 0x13, 0x33, 0x33, 0x21, 0x00, // .....OFFFFFFADDAFFFFFFFFFAAADDFFFFFFFOOAAAAAFO..
  0x00, 0x00, 0x01, 0x22, 0x23, 0x33, 0x33, 0x33, 0x33, 0x32, 0x22, 0x33, 0x33, 0x33, 0x33, 0x33, 0x33, 0x22, 0x10, 0x01, 0x33, 0x33, 0x22, 0x10, // .....OFFFAAAAAAAAAAFFFAAAAAAAAAAAAFFO..OAAAAFFO.
  0x00, 0x00, 0x00, 0x12, 0x23, 0x33, 0x33, 0x33, 0x33, 0x33, 0x34, 0x43, 0x33, 0x33, 0x33, 0x33, 0x32, 0x21, 0x00, 0x00, 0x33, 0x33, 0x32, 0x10, // ......OFFAAAAAAAAAAAADDAAAAAAAAAAFFO....AAAAAFO.
  0x00, 0x00, 0x00, 0x01, 0x22, 0x33, 0x33, 0x33, 0x33, 0x33, 0x33, 0x33, 0x33, 0x33, 0x33, 0x33, 0x32, 0x21, 0x00, 0x00, 0x33, 0x33, 0x32, 0x10, // .......OFFAAAAAAAAAAAAAAAAAAAAAAAFFO....AAAAAFO.
  0x00, 0x00, 0x00, 0x00, 0x12, 0x23, 0x33, 0x33, 0x33, 0x33, 0x34, 0x44, 0x33, 0x33, 0x33, 0x33, 0x22, 0x10, 0x00, 0x01, 0x23, 0x33, 0x22, 0x10, // ........OFFAAAAAAAAAADDDAAAAAAAAFFO....OFAAAFFO.
  0x00, 0x00, 0x00, 0x00, 0x01, 0x22, 0x33, 0x33, 0x33, 0x33, 0x34, 0x44, 0x33, 0x33, 0x33, 0x32, 0x11, 0x00, 0x00, 0x01, 0x22, 0x32, 0x22, 0x10, // .........OFFAAAAAAAAADDDAAAAAAAFOO.....OFFAFFFO.
  0x00, 0x00, 0x00, 0x00, 0x00, 0x11, 0x22, 0x33, 0x33, 0x33, 0x34, 0x44, 0x33, 0x33, 0x22, 0x21, 0x00, 0x00, 0x00, 0x12, 0x22, 0x22, 0x22, 0x10, // ..........OOFFAAAAAAADDDAAAAFFFO......OFFFFFFFO.
  0x00, 0x00, 0x00, 0x00, 0x00, 0x01, 0x11, 0x11, 0x11, 0x11, 0x11, 0x11, 0x11, 0x11, 0x11, 0x10, 0x00, 0x00, 0x01, 0x22, 0x22, 0x22, 0x22, 0x10, // ...........OOOOOOOOOOOOOOOOOOOO......OFFFFFFFFO.
  0x00, 0x00, 0x00, 0x00, 0x00, 0x01, 0x22, 0x22, 0x22, 0x22, 0x22, 0x22, 0x22, 0x22, 0x22, 0x21, 0x00, 0x01, 0x12, 0x22, 0x22, 0x12, 0x22, 0x10, // ...........OFFFFFFFFFFFFFFFFFFFO...OOFFFFFOFFFO.
  0x00, 0x00, 0x00, 0x00, 0x00, 0x12, 0x22, 0x22, 0x23, 0x33, 0x33, 0x33, 0x32, 0x22, 0x22, 0x22, 0x10, 0x12, 0x22, 0x22, 0x22, 0x12, 0x21, 0x00, // ..........OFFFFFFAAAAAAAAFFFFFFFO.OFFFFFFFOFFO..
  0x00, 0x00, 0x00, 0x00, 0x01, 0x22, 0x22, 0x22, 0x33, 0x33, 0x33, 0x33, 0x33, 0x22, 0x22, 0x22, 0x11, 0x22, 0x22, 0x22, 0x21, 0x22, 0x21, 0x00, // .........OFFFFFFAAAAAAAAAAFFFFFFOOFFFFFFFOFFFO..
  0x00, 0x00, 0x00, 0x00, 0x01, 0x22, 0x12, 0x22, 0x33, 0x33, 0x33, 0x33, 0x33, 0x32, 0x22, 0x12, 0x12, 0x22, 0x22, 0x22, 0x21, 0x22, 0x10, 0x00, // .........OFFOFFFAAAAAAAAAAAFFFOFOFFFFFFFFOFFO...
  0x00, 0x00, 0x00, 0x00, 0x01, 0x22, 0x12, 0x22, 0x33, 0x33, 0x33, 0x33, 0x33, 0x22, 0x22, 0x12, 0x12, 0x22, 0x22, 0x21, 0x12, 0x22, 0x10, 0x00, // .........OFFOFFFAAAAAAAAAAFFFFOFOFFFFFFOOFFFO...
  0x00, 0x00, 0x00, 0x00, 0x01, 0x22, 0x12, 0x22, 0x23, 0x33, 0x33, 0x33, 0x32, 0x22, 0x22, 0x12, 0x21, 0x22, 0x11, 0x12, 0x22, 0x21, 0x00, 0x00, // .........OFFOFFFFAAAAAAAAFFFFFOFFOFFOOOFFFFO....
  0x00, 0x00, 0x00, 0x00, 0x12, 0x22, 0x11, 0x22, 0x22, 0x33, 0x33, 0x33, 0x22, 0x22, 0x21, 0x12, 0x21, 0x11, 0x22, 0x22, 0x22, 0x10, 0x00, 0x00, // ........OFFFOOFFFFAAAAAAFFFFFOOFFOOOFFFFFFO.....
  0x00, 0x00, 0x00, 0x00, 0x12, 0x22, 0x22, 0x11, 0x22, 0x23, 0x32, 0x22, 0x22, 0x21, 0x12, 0x22, 0x21, 0x22, 0x22, 0x22, 0x21, 0x00, 0x00, 0x00, // ........OFFFFFOOFFFAAFFFFFFOOFFFFOFFFFFFFO......
  0x00, 0x00, 0x00, 0x00, 0x12, 0x22, 0x22, 0x22, 0x22, 0x22, 0x22, 0x22, 0x22, 0x22, 0x22, 0x22, 0x21, 0x22, 0x22, 0x22, 0x10, 0x00, 0x00, 0x00, // ........OFFFFFFFFFFFFFFFFFFFFFFFFOFFFFFFO.......
  0x00, 0x00, 0x00, 0x00, 0x12, 0x22, 0x22, 0x22, 0x22, 0x22, 0x22, 0x22, 0x22, 0x22, 0x22, 0x22, 0x12, 0x22, 0x21, 0x11, 0x00, 0x00, 0x00, 0x00, // ........OFFFFFFFFFFFFFFFFFFFFFFFOFFFFOOO........
  0x00, 0x00, 0x00, 0x00, 0x01, 0x22, 0x22, 0x22, 0x22, 0x22, 0x22, 0x22, 0x22, 0x22, 0x22, 0x21, 0x11, 0x11, 0x10, 0x00, 0x00, 0x00, 0x00, 0x00, // .........OFFFFFFFFFFFFFFFFFFFFFOOOOOO...........
  0x00, 0x00, 0x00, 0x00, 0x00, 0x12, 0x22, 0x22, 0x22, 0x22, 0x22, 0x22, 0x22, 0x22, 0x22, 0x21, 0x00, 0x00, 0x00, 0x00, 0x00, 0x00, 0x00, 0x00, // ..........OFFFFFFFFFFFFFFFFFFFFO................
  0x00, 0x00, 0x00, 0x00, 0x00, 0x11, 0x11, 0x11, 0x11, 0x11, 0x11, 0x11, 0x11, 0x11, 0x11, 0x11, 0x10, 0x00, 0x00, 0x00, 0x00, 0x00, 0x00, 0x00, // ..........OOOOOOOOOOOOOOOOOOOOOOO...............
  0x00, 0x00, 0x00, 0x00, 0x00, 0x13, 0x33, 0x33, 0x33, 0x10, 0x00, 0x00, 0x13, 0x33, 0x33, 0x33, 0x10, 0x00, 0x00, 0x00, 0x00, 0x00, 0x00, 0x00, // ..........OAAAAAAAO.....OAAAAAAAO...............
  0x00, 0x00, 0x00, 0x00, 0x00, 0x13, 0x33, 0x33, 0x33, 0x10, 0x00, 0x00, 0x13, 0x33, 0x33, 0x33, 0x10, 0x00, 0x00, 0x00, 0x00, 0x00, 0x00, 0x00, // ..........OAAAAAAAO.....OAAAAAAAO...............
  0x00, 0x00, 0x00, 0x00, 0x00, 0x11, 0x11, 0x11, 0x11, 0x10, 0x00, 0x00, 0x11, 0x11, 0x11, 0x11, 0x10, 0x00, 0x00, 0x00, 0x00, 0x00, 0x00, 0x00, // ..........OOOOOOOOO.....OOOOOOOOO...............
  0x00, 0x00, 0x00, 0x00, 0x00, 0x00, 0x00, 0x00, 0x00, 0x00, 0x00, 0x00, 0x00, 0x00, 0x00, 0x00, 0x00, 0x00, 0x00, 0x00, 0x00, 0x00, 0x00, 0x00, // ................................................
};

const uint8_t KITSUNE_SLEEPY[KITSUNE_FRAME_BYTES] PROGMEM = {
  0x00, 0x00, 0x00, 0x00, 0x00, 0x00, 0x00, 0x00, 0x00, 0x00, 0x00, 0x00, 0x00, 0x00, 0x00, 0x00, 0x00, 0x00, 0x00, 0x00, 0x00, 0x00, 0x00, 0x00, // ................................................
  0x00, 0x00, 0x00, 0x00, 0x00, 0x00, 0x00, 0x00, 0x00, 0x00, 0x00, 0x00, 0x00, 0x00, 0x00, 0x00, 0x00, 0x00, 0x00, 0x00, 0x00, 0x00, 0x00, 0x00, // ................................................
  0x00, 0x00, 0x00, 0x00, 0x01, 0x10, 0x00, 0x00, 0x00, 0x00, 0x00, 0x00, 0x00, 0x00, 0x00, 0x00, 0x00, 0x10, 0x00, 0x00, 0x00, 0x00, 0x00, 0x00, // .........OO.......................O.............
  0x00, 0x00, 0x00, 0x00, 0x12, 0x21, 0x00, 0x00, 0x00, 0x00, 0x00, 0x00, 0x00, 0x00, 0x00, 0x00, 0x01, 0x21, 0x10, 0x00, 0x00, 0x00, 0x00, 0x00, // ........OFFO.....................OFOO...........
  0x00, 0x00, 0x00, 0x00, 0x12, 0x22, 0x10, 0x00, 0x00, 0x00, 0x00, 0x00, 0x00, 0x00, 0x00, 0x00, 0x01, 0x22, 0x10, 0x00, 0x00, 0x00, 0x00, 0x00, // ........OFFFO....................OFFO...........
  0x00, 0x00, 0x00, 0x01, 0x22, 0x22, 0x10, 0x00, 0x00, 0x00, 0x00, 0x00, 0x00, 0x00, 0x00, 0x00, 0x01, 0x22, 0x21, 0x00, 0x00, 0x00, 0x00, 0x00, // .......OFFFFO....................OFFFO..........
  0x00, 0x00, 0x00, 0x01, 0x22, 0x22, 0x21, 0x00, 0x00, 0x00, 0x00, 0x00, 0x00, 0x00, 0x00, 0x00, 0x12, 0x22, 0x21, 0x00, 0x00, 0x00, 0x00, 0x00, // .......OFFFFFO..................OFFFFO..........
  0x00, 0x00, 0x00, 0x01, 0x22, 0x32, 0x22, 0x10, 0x00, 0x00, 0x00, 0x00, 0x00, 0x00, 0x00, 0x00, 0x12, 0x32, 0x21, 0x00, 0x00, 0x00, 0x00, 0x00, // .......OFFAFFFO.................OFAFFO..........
  0x00, 0x00, 0x00, 0x01, 0x23, 0x33, 0x22, 0x10, 0x00, 0x00, 0x00, 0x00, 0x00, 0x00, 0x00, 0x00, 0x12, 0x33, 0x22, 0x10, 0x00, 0x00, 0x00, 0x00, // .......OFAAAFFO.................OFAAFFO.........
  0x00, 0x00, 0x00, 0x01, 0x23, 0x33, 0x22, 0x21, 0x00, 0x00, 0x00, 0x00, 0x00, 0x00, 0x00, 0x01, 0x23, 0x33, 0x22, 0x10, 0x00, 0x00, 0x00, 0x00, // .......OFAAAFFFO...............OFAAAFFO.........
  0x00, 0x00, 0x00, 0x12, 0x23, 0x33, 0x32, 0x22, 0x10, 0x00, 0x00, 0x00, 0x00, 0x00, 0x00, 0x01, 0x23, 0x33, 0x22, 0x10, 0x00, 0x00, 0x00, 0x00, // ......OFFAAAAFFFO..............OFAAAFFO.........
  0x00, 0x00, 0x00, 0x12, 0x23, 0x33, 0x33, 0x21, 0x11, 0x11, 0x11, 0x11, 0x11, 0x11, 0x00, 0x01, 0x23, 0x33, 0x32, 0x21, 0x00, 0x00, 0x00, 0x00, // ......OFFAAAAAFOOOOOOOOOOOOO...OFAAAAFFO........
  0x00, 0x00, 0x00, 0x12, 0x22, 0x11, 0x11, 0x12, 0x22, 0x22, 0x22, 0x22, 0x22, 0x22, 0x11, 0x11, 0x33, 0x33, 0x32, 0x21, 0x00, 0x00, 0x00, 0x00, // ......OFFFOOOOOFFFFFFFFFFFFFOOOOAAAAAFFO........
  0x00, 0x00, 0x00, 0x01, 0x21, 0x22, 0x22, 0x22, 0x22, 0x22, 0x22, 0x22, 0x22, 0x22, 0x22, 0x22, 0x11, 0x33, 0x22, 0x21, 0x00, 0x00, 0x00, 0x00, // .......OFOFFFFFFFFFFFFFFFFFFFFFFOOAAFFFO........
  0x00, 0x00, 0x00, 0x01, 0x12, 0x22, 0x22, 0x22, 0x22, 0x22, 0x22, 0x22, 0x22, 0x22, 0x22, 0x22, 0x22, 0x12, 0x22, 0x10, 0x00, 0x00, 0x00, 0x00, // .......OOFFFFFFFFFFFFFFFFFFFFFFFFFOFFFO.........
  0x00, 0x00, 0x00, 0x01, 0x22, 0x22, 0x22, 0x22, 0x22, 0x22, 0x22, 0x22, 0x22, 0x22, 0x22, 0x22, 0x22, 0x21, 0x22, 0x10, 0x00, 0x00, 0x00, 0x00, // .......OFFFFFFFFFFFFFFFFFFFFFFFFFFFOFFO.........
  0x00, 0x00, 0x00, 0x12, 0x22, 0x22, 0x22, 0x22, 0x22, 0x22, 0x22, 0x22, 0x22, 0x22, 0x22, 0x22, 0x22, 0x22, 0x11, 0x00, 0x00, 0x00, 0x00, 0x00, // ......OFFFFFFFFFFFFFFFFFFFFFFFFFFFFFOO..........
  0x00, 0x00, 0x00, 0x12, 0x22, 0x22, 0x22, 0x22, 0x22, 0x22, 0x22, 0x22, 0x22, 0x22, 0x22, 0x22, 0x22, 0x22, 0x21, 0x00, 0x00, 0x00, 0x00, 0x00, // ......OFFFFFFFFFFFFFFFFFFFFFFFFFFFFFFO..........
  0x00, 0x00, 0x01, 0x22, 0x22, 0x22, 0x22, 0x22, 0x22, 0x22, 0x22, 0x22, 0x22, 0x22, 0x22, 0x22, 0x22, 0x22, 0x21, 0x01, 0x00, 0x00, 0x00, 0x00, // .....OFFFFFFFFFFFFFFFFFFFFFFFFFFFFFFFO.O........
  0x00, 0x00, 0x01, 0x22, 0x22, 0x22, 0x22, 0x22, 0x22, 0x22, 0x22, 0x22, 0x22, 0x22, 0x22, 0x22, 0x22, 0x22, 0x21, 0x12, 0x11, 0x10, 0x00, 0x00, // .....OFFFFFFFFFFFFFFFFFFFFFFFFFFFFFFFOOFOOO.....
  0x00, 0x00, 0x01, 0x22, 0x22, 0x22, 0x22, 0x22, 0x22, 0x22, 0x22, 0x22, 0x22, 0x22, 0x22, 0x22, 0x22, 0x22, 0x21, 0x13, 0x22, 0x21, 0x00, 0x00, // .....OFFFFFFFFFFFFFFFFFFFFFFFFFFFFFFFOOAFFFO....
  0x00, 0x00, 0x01, 0x22, 0x22, 0x22, 0x44, 0x44, 0x22, 0x22, 0x22, 0x22, 0x22, 0x24, 0x44, 0x42, 0x22, 0x22, 0x21, 0x33, 0x33, 0x22, 0x10, 0x00, // .....OFFFFFFDDDDFFFFFFFFFFFDDDDFFFFFFOAAAAFFO...
  0x00, 0x00, 0x01, 0x22, 0x22, 0x22, 0x24, 0x42, 0x22, 0x22, 0x22, 0x22, 0x22, 0x22, 0x44, 0x22, 0x22, 0x22, 0x21, 0x33, 0x33, 0x32, 0x10, 0x00, // .....OFFFFFFFDDFFFFFFFFFFFFFDDFFFFFFFOAAAAAFO...
  0x00, 0x00, 0x01, 0x22, 0x22, 0x22, 0x33, 0x33, 0x22, 0x22, 0x22, 0x22, 0x23, 0x33, 0x33, 0x22, 0x22, 0x22, 0x21, 0x13, 0x33, 0x33, 0x21, 0x00, // .....OFFFFFFAAAAFFFFFFFFFAAAAAFFFFFFFOOAAAAAFO..
  0x00, 0x00, 0x01, 0x22, 0x23, 0x33, 0x33, 0x33, 0x33, 0x32, 0x22, 0x33, 0x33, 0x33, 0x33, 0x33, 0x33, 0x22, 0x10, 0x01, 0x33, 0x33, 0x22, 0x10, // .....OFFFAAAAAAAAAAFFFAAAAAAAAAAAAFFO..OAAAAFFO.
  0x00, 0x00, 0x00, 0x12, 0x23, 0x33, 0x33, 0x33, 0x33, 0x33, 0x34, 0x43, 0x33, 0x33, 0x33, 0x33, 0x32, 0x21, 0x00, 0x00, 0x33, 0x33, 0x32, 0x10, // ......OFFAAAAAAAAAAAADDAAAAAAAAAAFFO....AAAAAFO.
  0x00, 0x00, 0x00, 0x01, 0x22, 0x33, 0x33, 0x33, 0x33, 0x33, 0x33, 0x33, 0x33, 0x33, 0x33, 0x33, 0x32, 0x21, 0x00, 0x00, 0x33, 0x33, 0x32, 0x10, // .......OFFAAAAAAAAAAAAAAAAAAAAAAAFFO....AAAAAFO.
  0x00, 0x00, 0x00, 0x00, 0x12, 0x23, 0x33, 0x33, 0x33, 0x33, 0x43, 0x44, 0x33, 0x33, 0x33, 0x33, 0x22, 0x10, 0x00, 0x01, 0x23, 0x33, 0x22, 0x10, // ........OFFAAAAAAAAADADDAAAAAAAAFFO....OFAAAFFO.
  0x00, 0x00, 0x00, 0x00, 0x01, 0x22, 0x33, 0x33, 0x33, 0x33, 0x34, 0x33, 0x33, 0x33, 0x33, 0x32, 0x11, 0x00, 0x00, 0x01, 0x22, 0x32, 0x22, 0x10, // .........OFFAAAAAAAAADAAAAAAAAAFOO.....OFFAFFFO.
  0x00, 0x00, 0x00, 0x00, 0x00, 0x11, 0x22, 0x33, 0x33, 0x33, 0x33, 0x33, 0x33, 0x33, 0x22, 0x21, 0x00, 0x00, 0x00, 0x12, 0x22, 0x22, 0x22, 0x10, // ..........OOFFAAAAAAAAAAAAAAFFFO......OFFFFFFFO.
  0x00, 0x00, 0x00, 0x00, 0x00, 0x01, 0x11, 0x11, 0x11, 0x11, 0x11, 0x11, 0x11, 0x11, 0x11, 0x10, 0x00, 0x00, 0x01, 0x22, 0x22, 0x22, 0x22, 0x10, // ...........OOOOOOOOOOOOOOOOOOOO......OFFFFFFFFO.
  0x00, 0x00, 0x00, 0x00, 0x00, 0x01, 0x22, 0x22, 0x22, 0x22, 0x22, 0x22, 0x22, 0x22, 0x22, 0x21, 0x00, 0x01, 0x12, 0x22, 0x22, 0x12, 0x22, 0x10, // ...........OFFFFFFFFFFFFFFFFFFFO...OOFFFFFOFFFO.
  0x00, 0x00, 0x00, 0x00, 0x00, 0x12, 0x22, 0x22, 0x23, 0x33, 0x33, 0x33, 0x32, 0x22, 0x22, 0x22, 0x10, 0x12, 0x22, 0x22, 0x22, 0x12, 0x21, 0x00, // ..........OFFFFFFAAAAAAAAFFFFFFFO.OFFFFFFFOFFO..
  0x00, 0x00, 0x00, 0x00, 0x01, 0x22, 0x22, 0x22, 0x33, 0x33, 0x33, 0x33, 0x33, 0x22, 0x22, 0x22, 0x11, 0x22, 0x22, 0x22, 0x21, 0x22, 0x21, 0x00, // .........OFFFFFFAAAAAAAAAAFFFFFFOOFFFFFFFOFFFO..
  0x00, 0x00, 0x00, 0x00, 0x01, 0x22, 0x12, 0x22, 0x33, 0x33, 0x33, 0x33, 0x33, 0x32, 0x22, 0x12, 0x12, 0x22, 0x22, 0x22, 0x21, 0x22, 0x10, 0x00, // .........OFFOFFFAAAAAAAAAAAFFFOFOFFFFFFFFOFFO...
  0x00, 0x00, 0x00, 0x00, 0x01, 0x22, 0x12, 0x22, 0x33, 0x33, 0x33, 0x33, 0x33, 0x22, 0x22, 0x12, 0x12, 0x22, 0x22, 0x21, 0x12, 0x22, 0x10, 0x00, // .........OFFOFFFAAAAAAAAAAFFFFOFOFFFFFFOOFFFO...
  0x00, 0x00, 0x00, 0x00, 0x01, 0x22, 0x12, 0x22, 0x23, 0x33, 0x33, 0x33, 0x32, 0x22, 0x22, 0x12, 0x21, 0x22, 0x11, 0x12, 0x22, 0x21, 0x00, 0x00, // .........OFFOFFFFAAAAAAAAFFFFFOFFOFFOOOFFFFO....
  0x00, 0x00, 0x00, 0x00, 0x12, 0x22, 0x11, 0x22, 0x22, 0x33, 0x33, 0x33, 0x22, 0x22, 0x21, 0x12, 0x21, 0x11, 0x22, 0x22, 0x22, 0x10, 0x00, 0x00, // ........OFFFOOFFFFAAAAAAFFFFFOOFFOOOFFFFFFO.....
  0x00, 0x00, 0x00, 0x00, 0x12, 0x22, 0x22, 0x11, 0x22, 0x23, 0x32, 0x22, 0x22, 0x21, 0x12, 0x22, 0x21, 0x22, 0x22, 0x22, 0x21, 0x00, 0x00, 0x00, // ........OFFFFFOOFFFAAFFFFFFOOFFFFOFFFFFFFO......
  0x00, 0x00, 0x00, 0x00, 0x12, 0x22, 0x22, 0x22, 0x22, 0x22, 0x22, 0x22, 0x22, 0x22, 0x22, 0x22, 0x21, 0x22, 0x22, 0x22, 0x10, 0x00, 0x00, 0x00, // ........OFFFFFFFFFFFFFFFFFFFFFFFFOFFFFFFO.......
  0x00, 0x00, 0x00, 0x00, 0x12, 0x22, 0x22, 0x22, 0x22, 0x22, 0x22, 0x22, 0x22, 0x22, 0x22, 0x22, 0x12, 0x22, 0x21, 0x11, 0x00, 0x00, 0x00, 0x00, // ........OFFFFFFFFFFFFFFFFFFFFFFFOFFFFOOO........
  0x00, 0x00, 0x00, 0x00, 0x01, 0x22, 0x22, 0x22, 0x22, 0x22, 0x22, 0x22, 0x22, 0x22, 0x22, 0x21, 0x11, 0x11, 0x10, 0x00, 0x00, 0x00, 0x00, 0x00, // .........OFFFFFFFFFFFFFFFFFFFFFOOOOOO...........
  0x00, 0x00, 0x00, 0x00, 0x00, 0x12, 0x22, 0x22, 0x22, 0x22, 0x22, 0x22, 0x22, 0x22, 0x22, 0x21, 0x00, 0x00, 0x00, 0x00, 0x00, 0x00, 0x00, 0x00, // ..........OFFFFFFFFFFFFFFFFFFFFO................
  0x00, 0x00, 0x00, 0x00, 0x00, 0x11, 0x11, 0x11, 0x11, 0x11, 0x11, 0x11, 0x11, 0x11, 0x11, 0x11, 0x10, 0x00, 0x00, 0x00, 0x00, 0x00, 0x00, 0x00, // ..........OOOOOOOOOOOOOOOOOOOOOOO...............
  0x00, 0x00, 0x00, 0x00, 0x00, 0x13, 0x33, 0x33, 0x33, 0x10, 0x00, 0x00, 0x13, 0x33, 0x33, 0x33, 0x10, 0x00, 0x00, 0x00, 0x00, 0x00, 0x00, 0x00, // ..........OAAAAAAAO.....OAAAAAAAO...............
  0x00, 0x00, 0x00, 0x00, 0x00, 0x13, 0x33, 0x33, 0x33, 0x10, 0x00, 0x00, 0x13, 0x33, 0x33, 0x33, 0x10, 0x00, 0x00, 0x00, 0x00, 0x00, 0x00, 0x00, // ..........OAAAAAAAO.....OAAAAAAAO...............
  0x00, 0x00, 0x00, 0x00, 0x00, 0x11, 0x11, 0x11, 0x11, 0x10, 0x00, 0x00, 0x11, 0x11, 0x11, 0x11, 0x10, 0x00, 0x00, 0x00, 0x00, 0x00, 0x00, 0x00, // ..........OOOOOOOOO.....OOOOOOOOO...............
  0x00, 0x00, 0x00, 0x00, 0x00, 0x00, 0x00, 0x00, 0x00, 0x00, 0x00, 0x00, 0x00, 0x00, 0x00, 0x00, 0x00, 0x00, 0x00, 0x00, 0x00, 0x00, 0x00, 0x00, // ................................................
};

const uint8_t KITSUNE_SLEEP[KITSUNE_FRAME_BYTES] PROGMEM = {
  0x00, 0x00, 0x00, 0x00, 0x00, 0x00, 0x00, 0x00, 0x00, 0x00, 0x00, 0x00, 0x00, 0x00, 0x00, 0x00, 0x00, 0x00, 0x00, 0x00, 0x00, 0x00, 0x00, 0x00, // ................................................
  0x00, 0x00, 0x00, 0x00, 0x00, 0x00, 0x00, 0x00, 0x00, 0x00, 0x00, 0x00, 0x00, 0x00, 0x00, 0x00, 0x00, 0x00, 0x00, 0x00, 0x00, 0x00, 0x00, 0x00, // ................................................
  0x00, 0x00, 0x00, 0x00, 0x01, 0x10, 0x00, 0x00, 0x00, 0x00, 0x00, 0x00, 0x00, 0x00, 0x00, 0x00, 0x00, 0x10, 0x00, 0x00, 0x00, 0x00, 0x00, 0x00, // .........OO.......................O.............
  0x00, 0x00, 0x00, 0x00, 0x12, 0x21, 0x00, 0x00, 0x00, 0x00, 0x00, 0x00, 0x00, 0x00, 0x00, 0x00, 0x01, 0x21, 0x10, 0x00, 0x00, 0x00, 0x00, 0x00, // ........OFFO.....................OFOO...........
  0x00, 0x00, 0x00, 0x00, 0x12, 0x22, 0x10, 0x00, 0x00, 0x00, 0x00, 0x00, 0x00, 0x00, 0x00, 0x00, 0x01, 0x22, 0x10, 0x00, 0x00, 0x00, 0x00, 0x00, // ........OFFFO....................OFFO...........
  0x00, 0x00, 0x00, 0x01, 0x22, 0x22, 0x10, 0x00, 0x00, 0x00, 0x00, 0x00, 0x00, 0x00, 0x00, 0x00, 0x01, 0x22, 0x21, 0x00, 0x00, 0x00, 0x00, 0x00, // .......OFFFFO....................OFFFO..........
  0x00, 0x00, 0x00, 0x01, 0x22, 0x22, 0x21, 0x00, 0x00, 0x00, 0x00, 0x00, 0x00, 0x00, 0x00, 0x00, 0x12, 0x22, 0x21, 0x00, 0x00, 0x00, 0x00, 0x00, // .......OFFFFFO..................OFFFFO..........
  0x00, 0x00, 0x00, 0x01, 0x22, 0x32, 0x22, 0x10, 0x00, 0x00, 0x00, 0x00, 0x00, 0x00, 0x00, 0x00, 0x12, 0x32, 0x21, 0x00, 0x00, 0x00, 0x00, 0x00, // .......OFFAFFFO.................OFAFFO..........
  0x00, 0x00, 0x00, 0x01, 0x23, 0x33, 0x22, 0x10, 0x00, 0x00, 0x00, 0x00, 0x00, 0x00, 0x00, 0x00, 0x12, 0x33, 0x22, 0x10, 0x00, 0x00, 0x00, 0x00, // .......OFAAAFFO.................OFAAFFO.........
  0x00, 0x00, 0x00, 0x01, 0x23, 0x33, 0x22, 0x21, 0x00, 0x00, 0x00, 0x00, 0x00, 0x00, 0x00, 0x01, 0x23, 0x33, 0x22, 0x10, 0x00, 0x00, 0x00, 0x00, // .......OFAAAFFFO...............OFAAAFFO.........
  0x00, 0x00, 0x00, 0x12, 0x23, 0x33, 0x32, 0x22, 0x10, 0x00, 0x00, 0x00, 0x00, 0x00, 0x00, 0x01, 0x23, 0x33, 0x22, 0x10, 0x00, 0x00, 0x00, 0x00, // ......OFFAAAAFFFO..............OFAAAFFO.........
  0x00, 0x00, 0x00, 0x12, 0x23, 0x33, 0x33, 0x21, 0x11, 0x11, 0x11, 0x11, 0x11, 0x11, 0x00, 0x01, 0x23, 0x33, 0x32, 0x21, 0x00, 0x00, 0x00, 0x00, // ......OFFAAAAAFOOOOOOOOOOOOO...OFAAAAFFO........
  0x00, 0x00, 0x00, 0x12, 0x22, 0x11, 0x11, 0x12, 0x22, 0x22, 0x22, 0x22, 0x22, 0x22, 0x11, 0x11, 0x33, 0x33, 0x32, 0x21, 0x00, 0x00, 0x00, 0x00, // ......OFFFOOOOOFFFFFFFFFFFFFOOOOAAAAAFFO........
  0x00, 0x00, 0x00, 0x01, 0x21, 0x22, 0x22, 0x22, 0x22, 0x22, 0x22, 0x22, 0x22, 0x22, 0x22, 0x22, 0x11, 0x33, 0x22, 0x21, 0x00, 0x00, 0x00, 0x00, // .......OFOFFFFFFFFFFFFFFFFFFFFFFOOAAFFFO........
  0x00, 0x00, 0x00, 0x01, 0x12, 0x22, 0x22, 0x22, 0x22, 0x22, 0x22, 0x22, 0x22, 0x22, 0x22, 0x22, 0x22, 0x12, 0x22, 0x10, 0x00, 0x00, 0x00, 0x00, // .......OOFFFFFFFFFFFFFFFFFFFFFFFFFOFFFO.........
  0x00, 0x00, 0x00, 0x01, 0x22, 0x22, 0x22, 0x22, 0x22, 0x22, 0x22, 0x22, 0x22, 0x22, 0x22, 0x22, 0x22, 0x21, 0x22, 0x10, 0x00, 0x00, 0x00, 0x00, // .......OFFFFFFFFFFFFFFFFFFFFFFFFFFFOFFO.........
  0x00, 0x00, 0x00, 0x12, 0x22, 0x22, 0x22, 0x22, 0x22, 0x22, 0x22, 0x22, 0x22, 0x22, 0x22, 0x22, 0x22, 0x22, 0x11, 0x00, 0x00, 0x00, 0x00, 0x00, // ......OFFFFFFFFFFFFFFFFFFFFFFFFFFFFFOO..........
  0x00, 0x00, 0x00, 0x12, 0x22, 0x22, 0x22, 0x22, 0x22, 0x22, 0x22, 0x22, 0x22, 0x22, 0x22, 0x22, 0x22, 0x22, 0x21, 0x00, 0x00, 0x00, 0x00, 0x00, // ......OFFFFFFFFFFFFFFFFFFFFFFFFFFFFFFO..........
  0x00, 0x00, 0x01, 0x22, 0x22, 0x22, 0x22, 0x22, 0x22, 0x22, 0x22, 0x22, 0x22, 0x22, 0x22, 0x22, 0x22, 0x22, 0x21, 0x01, 0x00, 0x00, 0x00, 0x00, // .....OFFFFFFFFFFFFFFFFFFFFFFFFFFFFFFFO.O........
  0x00, 0x00, 0x01, 0x22, 0x22, 0x22, 0x22, 0x22, 0x22, 0x22, 0x22, 0x22, 0x22, 0x22, 0x22, 0x22, 0x22, 0x22, 0x21, 0x12, 0x11, 0x10, 0x00, 0x00, // .....OFFFFFFFFFFFFFFFFFFFFFFFFFFFFFFFOOFOOO.....
  0x00, 0x00, 0x01, 0x22, 0x22, 0x22, 0x22, 0x22, 0x22, 0x22, 0x22, 0x22, 0x22, 0x22, 0x22, 0x22, 0x22, 0x22, 0x21, 0x13, 0x22, 0x21, 0x00, 0x00, // .....OFFFFFFFFFFFFFFFFFFFFFFFFFFFFFFFOOAFFFO....
  0x00, 0x00, 0x01, 0x22, 0x22, 0x22, 0x22, 0x22, 0x22, 0x22, 0x22, 0x22, 0x22, 0x22, 0x22, 0x22, 0x22, 0x22, 0x21, 0x33, 0x33, 0x22, 0x10, 0x00, // .....OFFFFFFFFFFFFFFFFFFFFFFFFFFFFFFFOAAAAFFO...
  0x00, 0x00, 0x01, 0x22, 0x22, 0x22, 0x44, 0x44, 0x22, 0x22, 0x22, 0x22, 0x22, 0x24, 0x44, 0x42, 0x22, 0x22, 0x21, 0x33, 0x33, 0x32, 0x10, 0x00, // .....OFFFFFFDDDDFFFFFFFFFFFDDDDFFFFFFOAAAAAFO...
  0x00, 0x00, 0x01, 0x22, 0x22, 0x22, 0x33, 0x33, 0x22, 0x22, 0x22, 0x22, 0x23, 0x33, 0x33, 0x22, 0x22, 0x22, 0x21, 0x13, 0x33, 0x33, 0x21, 0x00, // .....OFFFFFFAAAAFFFFFFFFFAAAAAFFFFFFFOOAAAAAFO..
  0x00, 0x00, 0x01, 0x22, 0x23, 0x33, 0x33, 0x33, 0x33, 0x32, 0x22, 0x33, 0x33, 0x33, 0x33, 0x33, 0x33, 0x22, 0x10, 0x01, 0x33, 0x33, 0x22, 0x10, // .....OFFFAAAAAAAAAAFFFAAAAAAAAAAAAFFO..OAAAAFFO.
  0x00, 0x00, 0x00, 0x12, 0x23, 0x33, 0x33, 0x33, 0x33, 0x33, 0x34, 0x43, 0x33, 0x33, 0x33, 0x33, 0x32, 0x21, 0x00, 0x00, 0x33, 0x33, 0x32, 0x10, // ......OFFAAAAAAAAAAAADDAAAAAAAAAAFFO....AAAAAFO.
  0x00, 0x00, 0x00, 0x01, 0x22, 0x33, 0x33, 0x33, 0x33, 0x33, 0x33, 0x33, 0x33, 0x33, 0x33, 0x33, 0x32, 0x21, 0x00, 0x00, 0x33, 0x33, 0x32, 0x10, // .......OFFAAAAAAAAAAAAAAAAAAAAAAAFFO....AAAAAFO.
  0x00, 0x00, 0x00, 0x00, 0x12, 0x23, 0x33, 0x33, 0x33, 0x33, 0x33, 0x33, 0x33, 0x33, 0x33, 0x33, 0x22, 0x10, 0x00, 0x01, 0x23, 0x33, 0x22, 0x10, // ........OFFAAAAAAAAAAAAAAAAAAAAAFFO....OFAAAFFO.
  0x00, 0x00, 0x00, 0x00, 0x01, 0x22, 0x33, 0x33, 0x33, 0x33, 0x34, 0x44, 0x33, 0x33, 0x33, 0x32, 0x11, 0x00, 0x00, 0x01, 0x22, 0x32, 0x22, 0x10, // .........OFFAAAAAAAAADDDAAAAAAAFOO.....OFFAFFFO.
  0x00, 0x00, 0x00, 0x00, 0x00, 0x11, 0x22, 0x33, 0x33, 0x33, 0x33, 0x33, 0x33, 0x33, 0x22, 0x21, 0x00, 0x00, 0x00, 0x12, 0x22, 0x22, 0x22, 0x10, // ..........OOFFAAAAAAAAAAAAAAFFFO......OFFFFFFFO.
  0x00, 0x00, 0x00, 0x00, 0x00, 0x01, 0x11, 0x11, 0x11, 0x11, 0x11, 0x11, 0x11, 0x11, 0x11, 0x10, 0x00, 0x00, 0x01, 0x22, 0x22, 0x22, 0x22, 0x10, // ...........OOOOOOOOOOOOOOOOOOOO......OFFFFFFFFO.
  0x00, 0x00, 0x00, 0x00, 0x00, 0x01, 0x22, 0x22, 0x22, 0x22, 0x22, 0x22, 0x22, 0x22, 0x22, 0x21, 0x00, 0x01, 0x12, 0x22, 0x22, 0x12, 0x22, 0x10, // ...........OFFFFFFFFFFFFFFFFFFFO...OOFFFFFOFFFO.
  0x00, 0x00, 0x00, 0x00, 0x00, 0x12, 0x22, 0x22, 0x23, 0x33, 0x33, 0x33, 0x32, 0x22, 0x22, 0x22, 0x10, 0x12, 0x22, 0x22, 0x22, 0x12, 0x21, 0x00, // ..........OFFFFFFAAAAAAAAFFFFFFFO.OFFFFFFFOFFO..
  0x00, 0x00, 0x00, 0x00, 0x01, 0x22, 0x22, 0x22, 0x33, 0x33, 0x33, 0x33, 0x33, 0x22, 0x22, 0x22, 0x11, 0x22, 0x22, 0x22, 0x21, 0x22, 0x21, 0x00, // .........OFFFFFFAAAAAAAAAAFFFFFFOOFFFFFFFOFFFO..
  0x00, 0x00, 0x00, 0x00, 0x01, 0x22, 0x12, 0x22, 0x33, 0x33, 0x33, 0x33, 0x33, 0x32, 0x22, 0x12, 0x12, 0x22, 0x22, 0x22, 0x21, 0x22, 0x10, 0x00, // .........OFFOFFFAAAAAAAAAAAFFFOFOFFFFFFFFOFFO...
  0x00, 0x00, 0x00, 0x00, 0x01, 0x22, 0x12, 0x22, 0x33, 0x33, 0x33, 0x33, 0x33, 0x22, 0x22, 0x12, 0x12, 0x22, 0x22, 0x21, 0x12, 0x22, 0x10, 0x00, // .........OFFOFFFAAAAAAAAAAFFFFOFOFFFFFFOOFFFO...
  0x00, 0x00, 0x00, 0x00, 0x01, 0x22, 0x12, 0x22, 0x23, 0x33, 0x33, 0x33, 0x32, 0x22, 0x22, 0x12, 0x21, 0x22, 0x11, 0x12, 0x22, 0x21, 0x00, 0x00, // .........OFFOFFFFAAAAAAAAFFFFFOFFOFFOOOFFFFO....
  0x00, 0x00, 0x00, 0x00, 0x12, 0x22, 0x11, 0x22, 0x22, 0x33, 0x33, 0x33, 0x22, 0x22, 0x21, 0x12, 0x21, 0x11, 0x22, 0x22, 0x22, 0x10, 0x00, 0x00, // ........OFFFOOFFFFAAAAAAFFFFFOOFFOOOFFFFFFO.....
  0x00, 0x00, 0x00, 0x00, 0x12, 0x22, 0x22, 0x11, 0x22, 0x23, 0x32, 0x22, 0x22, 0x21, 0x12, 0x22, 0x21, 0x22, 0x22, 0x22, 0x21, 0x00, 0x00, 0x00, // ........OFFFFFOOFFFAAFFFFFFOOFFFFOFFFFFFFO......
  0x00, 0x00, 0x00, 0x00, 0x12, 0x22, 0x22, 0x22, 0x22, 0x22, 0x22, 0x22, 0x22, 0x22, 0x22, 0x22, 0x21, 0x22, 0x22, 0x22, 0x10, 0x00, 0x00, 0x00, // ........OFFFFFFFFFFFFFFFFFFFFFFFFOFFFFFFO.......
  0x00, 0x00, 0x00, 0x00, 0x12, 0x22, 0x22, 0x22, 0x22, 0x22, 0x22, 0x22, 0x22, 0x22, 0x22, 0x22, 0x12, 0x22, 0x21, 0x11, 0x00, 0x00, 0x00, 0x00, // ........OFFFFFFFFFFFFFFFFFFFFFFFOFFFFOOO........
  0x00, 0x00, 0x00, 0x00, 0x01, 0x22, 0x22, 0x22, 0x22, 0x22, 0x22, 0x22, 0x22, 0x22, 0x22, 0x21, 0x11, 0x11, 0x10, 0x00, 0x00, 0x00, 0x00, 0x00, // .........OFFFFFFFFFFFFFFFFFFFFFOOOOOO...........
  0x00, 0x00, 0x00, 0x00, 0x00, 0x12, 0x22, 0x22, 0x22, 0x22, 0x22, 0x22, 0x22, 0x22, 0x22, 0x21, 0x00, 0x00, 0x00, 0x00, 0x00, 0x00, 0x00, 0x00, // ..........OFFFFFFFFFFFFFFFFFFFFO................
  0x00, 0x00, 0x00, 0x00, 0x00, 0x11, 0x11, 0x11, 0x11, 0x11, 0x11, 0x11, 0x11, 0x11, 0x11, 0x11, 0x10, 0x00, 0x00, 0x00, 0x00, 0x00, 0x00, 0x00, // ..........OOOOOOOOOOOOOOOOOOOOOOO...............
  0x00, 0x00, 0x00, 0x00, 0x00, 0x13, 0x33, 0x33, 0x33, 0x10, 0x00, 0x00, 0x13, 0x33, 0x33, 0x33, 0x10, 0x00, 0x00, 0x00, 0x00, 0x00, 0x00, 0x00, // ..........OAAAAAAAO.....OAAAAAAAO...............
  0x00, 0x00, 0x00, 0x00, 0x00, 0x13, 0x33, 0x33, 0x33, 0x10, 0x00, 0x00, 0x13, 0x33, 0x33, 0x33, 0x10, 0x00, 0x00, 0x00, 0x00, 0x00, 0x00, 0x00, // ..........OAAAAAAAO.....OAAAAAAAO...............
  0x00, 0x00, 0x00, 0x00, 0x00, 0x11, 0x11, 0x11, 0x11, 0x10, 0x00, 0x00, 0x11, 0x11, 0x11, 0x11, 0x10, 0x00, 0x00, 0x00, 0x00, 0x00, 0x00, 0x00, // ..........OOOOOOOOO.....OOOOOOOOO...............
  0x00, 0x00, 0x00, 0x00, 0x00, 0x00, 0x00, 0x00, 0x00, 0x00, 0x00, 0x00, 0x00, 0x00, 0x00, 0x00, 0x00, 0x00, 0x00, 0x00, 0x00, 0x00, 0x00, 0x00, // ................................................
};

const uint8_t KITSUNE_BOUNCE[KITSUNE_FRAME_BYTES] PROGMEM = {
  0x00, 0x00, 0x00, 0x00, 0x00, 0x00, 0x00, 0x00, 0x00, 0x00, 0x00, 0x00, 0x00, 0x00, 0x00, 0x00, 0x00, 0x00, 0x00, 0x00, 0x00, 0x00, 0x00, 0x00, // ................................................
  0x00, 0x00, 0x00, 0x00, 0x00, 0x00, 0x00, 0x00, 0x00, 0x00, 0x00, 0x00, 0x00, 0x00, 0x00, 0x00, 0x00, 0x00, 0x00, 0x00, 0x00, 0x00, 0x00, 0x00, // ................................................
  0x00, 0x00, 0x00, 0x00, 0x01, 0x10, 0x00, 0x00, 0x00, 0x00, 0x00, 0x00, 0x00, 0x00, 0x00, 0x00, 0x00, 0x10, 0x00, 0x00, 0x00, 0x00, 0x00, 0x00, // .........OO.......................O.............
  0x00, 0x00, 0x00, 0x00, 0x12, 0x21, 0x00, 0x00, 0x00, 0x00, 0x00, 0x00, 0x00, 0x00, 0x00, 0x00, 0x01, 0x21, 0x10, 0x00, 0x00, 0x00, 0x00, 0x00, // ........OFFO.....................OFOO...........
  0x00, 0x00, 0x00, 0x00, 0x12, 0x22, 0x10, 0x00, 0x00, 0x00, 0x00, 0x00, 0x00, 0x00, 0x00, 0x00, 0x01, 0x22, 0x10, 0x00, 0x00, 0x00, 0x00, 0x00, // ........OFFFO....................OFFO...........
  0x00, 0x00, 0x00, 0x01, 0x22, 0x22, 0x10, 0x00, 0x00, 0x00, 0x00, 0x00, 0x00, 0x00, 0x00, 0x00, 0x01, 0x22, 0x21, 0x00, 0x00, 0x00, 0x00, 0x00, // .......OFFFFO....................OFFFO..........
  0x00, 0x00, 0x00, 0x01, 0x22, 0x22, 0x21, 0x00, 0x00, 0x00, 0x00, 0x00, 0x00, 0x00, 0x00, 0x00, 0x12, 0x22, 0x21, 0x00, 0x00, 0x00, 0x00, 0x00, // .......OFFFFFO..................OFFFFO..........
  0x00, 0x00, 0x00, 0x01, 0x22, 0x32, 0x22, 0x10, 0x00, 0x00, 0x00, 0x00, 0x00, 0x00, 0x00, 0x00, 0x12, 0x32, 0x21, 0x00, 0x00, 0x00, 0x00, 0x00, // .......OFFAFFFO.................OFAFFO..........
  0x00, 0x00, 0x00, 0x01, 0x23, 0x33, 0x22, 0x10, 0x00, 0x00, 0x00, 0x00, 0x00, 0x00, 0x00, 0x00, 0x12, 0x33, 0x22, 0x10, 0x00, 0x00, 0x00, 0x00, // .......OFAAAFFO.................OFAAFFO.........
  0x00, 0x00, 0x00, 0x01, 0x23, 0x33, 0x22, 0x21, 0x00, 0x00, 0x00, 0x00, 0x00, 0x00, 0x00, 0x01, 0x23, 0x33, 0x22, 0x10, 0x00, 0x00, 0x00, 0x00, // .......OFAAAFFFO...............OFAAAFFO.........
  0x00, 0x00, 0x00, 0x12, 0x23, 0x33, 0x32, 0x22, 0x10, 0x00, 0x00, 0x00, 0x00, 0x00, 0x00, 0x01, 0x23, 0x33, 0x22, 0x10, 0x00, 0x00, 0x00, 0x00, // ......OFFAAAAFFFO..............OFAAAFFO.........
  0x00, 0x00, 0x00, 0x12, 0x23, 0x33, 0x33, 0x21, 0x11, 0x11, 0x11, 0x11, 0x11, 0x11, 0x00, 0x01, 0x23, 0x33, 0x32, 0x21, 0x00, 0x00, 0x00, 0x00, // ......OFFAAAAAFOOOOOOOOOOOOO...OFAAAAFFO........
  0x00, 0x00, 0x00, 0x12, 0x22, 0x11, 0x11, 0x12, 0x22, 0x22, 0x22, 0x22, 0x22, 0x22, 0x11, 0x11, 0x33, 0x33, 0x32, 0x21, 0x00, 0x00, 0x00, 0x00, // ......OFFFOOOOOFFFFFFFFFFFFFOOOOAAAAAFFO........
  0x00, 0x00, 0x00, 0x01, 0x21, 0x22, 0x22, 0x22, 0x22, 0x22, 0x22, 0x22, 0x22, 0x22, 0x22, 0x22, 0x11, 0x33, 0x22, 0x21, 0x00, 0x00, 0x00, 0x00, // .......OFOFFFFFFFFFFFFFFFFFFFFFFOOAAFFFO........
  0x00, 0x00, 0x00, 0x01, 0x12, 0x22, 0x22, 0x22, 0x22, 0x22, 0x22, 0x22, 0x22, 0x22, 0x22, 0x22, 0x22, 0x12, 0x22, 0x10, 0x00, 0x00, 0x00, 0x00, // .......OOFFFFFFFFFFFFFFFFFFFFFFFFFOFFFO.........
  0x00, 0x00, 0x00, 0x01, 0x22, 0x22, 0x22, 0x22, 0x22, 0x22, 0x22, 0x22, 0x22, 0x22, 0x22, 0x22, 0x22, 0x21, 0x22, 0x10, 0x00, 0x00, 0x00, 0x00, // .......OFFFFFFFFFFFFFFFFFFFFFFFFFFFOFFO.........
  0x00, 0x00, 0x00, 0x12, 0x22, 0x22, 0x22, 0x22, 0x22, 0x22, 0x22, 0x22, 0x22, 0x22, 0x22, 0x22, 0x22, 0x22, 0x11, 0x00, 0x00, 0x00, 0x00, 0x00, // ......OFFFFFFFFFFFFFFFFFFFFFFFFFFFFFOO..........
  0x00, 0x00, 0x00, 0x12, 0x22, 0x22, 0x22, 0x22, 0x22, 0x22, 0x22, 0x22, 0x22, 0x22, 0x22, 0x22, 0x22, 0x22, 0x21, 0x00, 0x00, 0x00, 0x00, 0x00, // ......OFFFFFFFFFFFFFFFFFFFFFFFFFFFFFFO..........
  0x00, 0x00, 0x01, 0x22, 0x22, 0x22, 0x22, 0x22, 0x22, 0x22, 0x22, 0x22, 0x22, 0x22, 0x22, 0x22, 0x22, 0x22, 0x21, 0x01, 0x00, 0x00, 0x00, 0x00, // .....OFFFFFFFFFFFFFFFFFFFFFFFFFFFFFFFO.O........
  0x00, 0x00, 0x01, 0x22, 0x22, 0x22, 0x22, 0x22, 0x22, 0x22, 0x22, 0x22, 0x22, 0x22, 0x22, 0x22, 0x22, 0x22, 0x21, 0x12, 0x11, 0x10, 0x00, 0x00, // .....OFFFFFFFFFFFFFFFFFFFFFFFFFFFFFFFOOFOOO.....
  0x00, 0x00, 0x01, 0x22, 0x22, 0x22, 0x24, 0x42, 0x22, 0x22, 0x22, 0x22, 0x22, 0x22, 0x44, 0x22, 0x22, 0x22, 0x21, 0x13, 0x22, 0x21, 0x00, 0x00, // .....OFFFFFFFDDFFFFFFFFFFFFFDDFFFFFFFOOAFFFO....
  0x00, 0x00, 0x01, 0x22, 0x22, 0x22, 0x24, 0x42, 0x22, 0x22, 0x22, 0x22, 0x22, 0x22, 0x44, 0x22, 0x22, 0x22, 0x21, 0x33, 0x33, 0x22, 0x10, 0x00, // .....OFFFFFFFDDFFFFFFFFFFFFFDDFFFFFFFOAAAAFFO...
  0x00, 0x00, 0x01, 0x22, 0x22, 0x22, 0x24, 0x42, 0x22, 0x22, 0x22, 0x22, 0x22, 0x22, 0x44, 0x22, 0x22, 0x22, 0x21, 0x33, 0x33, 0x32, 0x10, 0x00, // .....OFFFFFFFDDFFFFFFFFFFFFFDDFFFFFFFOAAAAAFO...
  0x00, 0x00, 0x01, 0x22, 0x22, 0x22, 0x33, 0x33, 0x22, 0x22, 0x22, 0x22, 0x23, 0x33, 0x33, 0x22, 0x22, 0x22, 0x21, 0x13, 0x33, 0x33, 0x21, 0x00, // .....OFFFFFFAAAAFFFFFFFFFAAAAAFFFFFFFOOAAAAAFO..
  0x00, 0x00, 0x01, 0x22, 0x23, 0x33, 0x33, 0x33, 0x33, 0x32, 0x22, 0x33, 0x33, 0x33, 0x33, 0x33, 0x33, 0x22, 0x10, 0x01, 0x33, 0x33, 0x22, 0x10, // .....OFFFAAAAAAAAAAFFFAAAAAAAAAAAAFFO..OAAAAFFO.
  0x00, 0x00, 0x00, 0x12, 0x23, 0x33, 0x33, 0x33, 0x33, 0x33, 0x34, 0x43, 0x33, 0x33, 0x33, 0x33, 0x32, 0x21, 0x00, 0x00, 0x33, 0x33, 0x32, 0x10, // ......OFFAAAAAAAAAAAADDAAAAAAAAAAFFO....AAAAAFO.
  0x00, 0x00, 0x00, 0x01, 0x22, 0x33, 0x33, 0x33, 0x33, 0x33, 0x33, 0x33, 0x33, 0x33, 0x33, 0x33, 0x32, 0x21, 0x00, 0x00, 0x33, 0x33, 0x32, 0x10, // .......OFFAAAAAAAAAAAAAAAAAAAAAAAFFO....AAAAAFO.
  0x00, 0x00, 0x00, 0x00, 0x12, 0x23, 0x33, 0x33, 0x33, 0x33, 0x43, 0x44, 0x33, 0x33, 0x33, 0x33, 0x22, 0x10, 0x00, 0x01, 0x23, 0x33, 0x22, 0x10, // ........OFFAAAAAAAAADADDAAAAAAAAFFO....OFAAAFFO.
  0x00, 0x00, 0x00, 0x00, 0x01, 0x22, 0x33, 0x33, 0x33, 0x33, 0x34, 0x33, 0x33, 0x33, 0x33, 0x32, 0x11, 0x00, 0x00, 0x01, 0x22, 0x32, 0x22, 0x10, // .........OFFAAAAAAAAADAAAAAAAAAFOO.....OFFAFFFO.
  0x00, 0x00, 0x00, 0x00, 0x00, 0x11, 0x22, 0x33, 0x33, 0x33, 0x33, 0x33, 0x33, 0x33, 0x22, 0x21, 0x00, 0x00, 0x00, 0x12, 0x22, 0x22, 0x22, 0x10, // ..........OOFFAAAAAAAAAAAAAAFFFO......OFFFFFFFO.
  0x00, 0x00, 0x00, 0x00, 0x00, 0x01, 0x11, 0x11, 0x11, 0x11, 0x11, 0x11, 0x11, 0x11, 0x11, 0x10, 0x00, 0x00, 0x01, 0x22, 0x22, 0x22, 0x22, 0x10, // ...........OOOOOOOOOOOOOOOOOOOO......OFFFFFFFFO.
  0x00, 0x00, 0x00, 0x00, 0x00, 0x01, 0x22, 0x22, 0x22, 0x22, 0x22, 0x22, 0x22, 0x22, 0x22, 0x21, 0x00, 0x01, 0x12, 0x22, 0x22, 0x12, 0x22, 0x10, // ...........OFFFFFFFFFFFFFFFFFFFO...OOFFFFFOFFFO.
  0x00, 0x00, 0x00, 0x00, 0x00, 0x12, 0x22, 0x22, 0x23, 0x33, 0x33, 0x33, 0x32, 0x22, 0x22, 0x22, 0x10, 0x12, 0x22, 0x22, 0x22, 0x12, 0x21, 0x00, // ..........OFFFFFFAAAAAAAAFFFFFFFO.OFFFFFFFOFFO..
  0x00, 0x00, 0x00, 0x00, 0x01, 0x22, 0x22, 0x22, 0x33, 0x33, 0x33, 0x33, 0x33, 0x22, 0x22, 0x22, 0x11, 0x22, 0x22, 0x22, 0x21, 0x22, 0x21, 0x00, // .........OFFFFFFAAAAAAAAAAFFFFFFOOFFFFFFFOFFFO..
  0x00, 0x00, 0x00, 0x00, 0x01, 0x22, 0x12, 0x22, 0x33, 0x33, 0x33, 0x33, 0x33, 0x32, 0x22, 0x12, 0x12, 0x22, 0x22, 0x22, 0x21, 0x22, 0x10, 0x00, // .........OFFOFFFAAAAAAAAAAAFFFOFOFFFFFFFFOFFO...
  0x00, 0x00, 0x00, 0x00, 0x01, 0x22, 0x12, 0x22, 0x33, 0x33, 0x33, 0x33, 0x33, 0x22, 0x22, 0x12, 0x12, 0x22, 0x22, 0x21, 0x12, 0x22, 0x10, 0x00, // .........OFFOFFFAAAAAAAAAAFFFFOFOFFFFFFOOFFFO...
  0x00, 0x00, 0x00, 0x00, 0x01, 0x22, 0x12, 0x22, 0x23, 0x33, 0x33, 0x33, 0x32, 0x22, 0x22, 0x12, 0x21, 0x22, 0x11, 0x12, 0x22, 0x21, 0x00, 0x00, // .........OFFOFFFFAAAAAAAAFFFFFOFFOFFOOOFFFFO....
  0x00, 0x00, 0x00, 0x00, 0x12, 0x22, 0x11, 0x22, 0x22, 0x33, 0x33, 0x33, 0x22, 0x22, 0x21, 0x12, 0x21, 0x11, 0x22, 0x22, 0x22, 0x10, 0x00, 0x00, // ........OFFFOOFFFFAAAAAAFFFFFOOFFOOOFFFFFFO.....
  0x00, 0x00, 0x00, 0x00, 0x12, 0x22, 0x22, 0x11, 0x22, 0x23, 0x32, 0x22, 0x22, 0x21, 0x12, 0x22, 0x21, 0x22, 0x22, 0x22, 0x21, 0x00, 0x00, 0x00, // ........OFFFFFOOFFFAAFFFFFFOOFFFFOFFFFFFFO......
  0x00, 0x00, 0x00, 0x00, 0x12, 0x22, 0x22, 0x22, 0x22, 0x22, 0x22, 0x22, 0x22, 0x22, 0x22, 0x22, 0x21, 0x22, 0x22, 0x22, 0x10, 0x00, 0x00, 0x00, // ........OFFFFFFFFFFFFFFFFFFFFFFFFOFFFFFFO.......
  0x00, 0x00, 0x00, 0x00, 0x12, 0x22, 0x22, 0x22, 0x22, 0x22, 0x22, 0x22, 0x22, 0x22, 0x22, 0x22, 0x12, 0x22, 0x21, 0x11, 0x00, 0x00, 0x00, 0x00, // ........OFFFFFFFFFFFFFFFFFFFFFFFOFFFFOOO........
  0x00, 0x00, 0x00, 0x00, 0x01, 0x22, 0x22, 0x22, 0x22, 0x22, 0x22, 0x22, 0x22, 0x22, 0x22, 0x21, 0x11, 0x11, 0x10, 0x00, 0x00, 0x00, 0x00, 0x00, // .........OFFFFFFFFFFFFFFFFFFFFFOOOOOO...........
  0x00, 0x00, 0x00, 0x00, 0x00, 0x11, 0x11, 0x11, 0x11, 0x12, 0x22, 0x22, 0x11, 0x11, 0x11, 0x11, 0x10, 0x00, 0x00, 0x00, 0x00, 0x00, 0x00, 0x00, // ..........OOOOOOOOOFFFFFOOOOOOOOO...............
  0x00, 0x00, 0x00, 0x00, 0x00, 0x13, 0x33, 0x33, 0x33, 0x11, 0x11, 0x11, 0x13, 0x33, 0x33, 0x33, 0x10, 0x00, 0x00, 0x00, 0x00, 0x00, 0x00, 0x00, // ..........OAAAAAAAOOOOOOOAAAAAAAO...............
  0x00, 0x00, 0x00, 0x00, 0x00, 0x13, 0x33, 0x33, 0x33, 0x10, 0x00, 0x00, 0x13, 0x33, 0x33, 0x33, 0x10, 0x00, 0x00, 0x00, 0x00, 0x00, 0x00, 0x00, // ..........OAAAAAAAO.....OAAAAAAAO...............
  0x00, 0x00, 0x00, 0x00, 0x00, 0x11, 0x11, 0x11, 0x11, 0x10, 0x00, 0x00, 0x11, 0x11, 0x11, 0x11, 0x10, 0x00, 0x00, 0x00, 0x00, 0x00, 0x00, 0x00, // ..........OOOOOOOOO.....OOOOOOOOO...............
  0x00, 0x00, 0x00, 0x00, 0x00, 0x00, 0x00, 0x00, 0x00, 0x00, 0x00, 0x00, 0x00, 0x00, 0x00, 0x00, 0x00, 0x00, 0x00, 0x00, 0x00, 0x00, 0x00, 0x00, // ................................................
  0x00, 0x00, 0x00, 0x00, 0x00, 0x00, 0x00, 0x00, 0x00, 0x00, 0x00, 0x00, 0x00, 0x00, 0x00, 0x00, 0x00, 0x00, 0x00, 0x00, 0x00, 0x00, 0x00, 0x00, // ................................................
};

const uint8_t KITSUNE_LOOK_UP[KITSUNE_FRAME_BYTES] PROGMEM = {
  0x00, 0x00, 0x00, 0x00, 0x00, 0x00, 0x00, 0x00, 0x00, 0x00, 0x00, 0x00, 0x00, 0x00, 0x00, 0x00, 0x00, 0x00, 0x00, 0x00, 0x00, 0x00, 0x00, 0x00, // ................................................
  0x00, 0x00, 0x00, 0x00, 0x00, 0x00, 0x00, 0x00, 0x00, 0x00, 0x00, 0x00, 0x00, 0x00, 0x00, 0x00, 0x00, 0x00, 0x00, 0x00, 0x00, 0x00, 0x00, 0x00, // ................................................
  0x00, 0x00, 0x00, 0x00, 0x01, 0x10, 0x00, 0x00, 0x00, 0x00, 0x00, 0x00, 0x00, 0x00, 0x00, 0x00, 0x00, 0x10, 0x00, 0x00, 0x00, 0x00, 0x00, 0x00, // .........OO.......................O.............
  0x00, 0x00, 0x00, 0x00, 0x12, 0x21, 0x00, 0x00, 0x00, 0x00, 0x00, 0x00, 0x00, 0x00, 0x00, 0x00, 0x01, 0x21, 0x10, 0x00, 0x00, 0x00, 0x00, 0x00, // ........OFFO.....................OFOO...........
  0x00, 0x00, 0x00, 0x00, 0x12, 0x22, 0x10, 0x00, 0x00, 0x00, 0x00, 0x00, 0x00, 0x00, 0x00, 0x00, 0x01, 0x22, 0x10, 0x00, 0x00, 0x00, 0x00, 0x00, // ........OFFFO....................OFFO...........
  0x00, 0x00, 0x00, 0x01, 0x22, 0x22, 0x10, 0x00, 0x00, 0x00, 0x00, 0x00, 0x00, 0x00, 0x00, 0x00, 0x01, 0x22, 0x21, 0x00, 0x00, 0x00, 0x00, 0x00, // .......OFFFFO....................OFFFO..........
  0x00, 0x00, 0x00, 0x01, 0x22, 0x22, 0x21, 0x00, 0x00, 0x00, 0x00, 0x00, 0x00, 0x00, 0x00, 0x00, 0x12, 0x22, 0x21, 0x00, 0x00, 0x00, 0x00, 0x00, // .......OFFFFFO..................OFFFFO..........
  0x00, 0x00, 0x00, 0x01, 0x22, 0x32, 0x22, 0x10, 0x00, 0x00, 0x00, 0x00, 0x00, 0x00, 0x00, 0x00, 0x12, 0x32, 0x21, 0x00, 0x00, 0x00, 0x00, 0x00, // .......OFFAFFFO.................OFAFFO..........
  0x00, 0x00, 0x00, 0x01, 0x23, 0x33, 0x22, 0x10, 0x00, 0x00, 0x00, 0x00, 0x00, 0x00, 0x00, 0x00, 0x12, 0x33, 0x22, 0x10, 0x00, 0x00, 0x00, 0x00, // .......OFAAAFFO.................OFAAFFO.........
  0x00, 0x00, 0x00, 0x01, 0x23, 0x33, 0x22, 0x21, 0x00, 0x00, 0x00, 0x00, 0x00, 0x00, 0x00, 0x01, 0x23, 0x33, 0x22, 0x10, 0x00, 0x00, 0x00, 0x00, // .......OFAAAFFFO...............OFAAAFFO.........
  0x00, 0x00, 0x00, 0x12, 0x23, 0x33, 0x32, 0x22, 0x10, 0x00, 0x00, 0x00, 0x00, 0x00, 0x00, 0x01, 0x23, 0x33, 0x22, 0x10, 0x00, 0x00, 0x00, 0x00, // ......OFFAAAAFFFO..............OFAAAFFO.........
  0x00, 0x00, 0x00, 0x12, 0x23, 0x33, 0x33, 0x21, 0x11, 0x11, 0x11, 0x11, 0x11, 0x11, 0x00, 0x01, 0x23, 0x33, 0x32, 0x21, 0x00, 0x00, 0x00, 0x00, // ......OFFAAAAAFOOOOOOOOOOOOO...OFAAAAFFO........
  0x00, 0x00, 0x00, 0x12, 0x22, 0x11, 0x11, 0x12, 0x22, 0x22, 0x22, 0x22, 0x22, 0x22, 0x11, 0x11, 0x33, 0x33, 0x32, 0x21, 0x00, 0x00, 0x00, 0x00, // ......OFFFOOOOOFFFFFFFFFFFFFOOOOAAAAAFFO........
  0x00, 0x00, 0x00, 0x01, 0x21, 0x22, 0x22, 0x22, 0x22, 0x22, 0x22, 0x22, 0x22, 0x22, 0x22, 0x22, 0x11, 0x33, 0x22, 0x21, 0x00, 0x00, 0x00, 0x00, // .......OFOFFFFFFFFFFFFFFFFFFFFFFOOAAFFFO........
  0x00, 0x00, 0x00, 0x01, 0x12, 0x22, 0x22, 0x22, 0x22, 0x22, 0x22, 0x22, 0x22, 0x22, 0x22, 0x22, 0x22, 0x12, 0x22, 0x10, 0x00, 0x00, 0x00, 0x00, // .......OOFFFFFFFFFFFFFFFFFFFFFFFFFOFFFO.........
  0x00, 0x00, 0x00, 0x01, 0x22, 0x22, 0x22, 0x22, 0x22, 0x22, 0x22, 0x22, 0x22, 0x22, 0x22, 0x22, 0x22, 0x21, 0x22, 0x10, 0x00, 0x00, 0x00, 0x00, // .......OFFFFFFFFFFFFFFFFFFFFFFFFFFFOFFO.........
  0x00, 0x00, 0x00, 0x12, 0x22, 0x22, 0x22, 0x22, 0x22, 0x22, 0x22, 0x22, 0x22, 0x22, 0x22, 0x22, 0x22, 0x22, 0x11, 0x00, 0x00, 0x00, 0x00, 0x00, // ......OFFFFFFFFFFFFFFFFFFFFFFFFFFFFFOO..........
  0x00, 0x00, 0x00, 0x12, 0x22, 0x22, 0x22, 0x22, 0x22, 0x22, 0x22, 0x22, 0x22, 0x22, 0x22, 0x22, 0x22, 0x22, 0x21, 0x00, 0x00, 0x00, 0x00, 0x00, // ......OFFFFFFFFFFFFFFFFFFFFFFFFFFFFFFO..........
  0x00, 0x00, 0x01, 0x22, 0x22, 0x22, 0x24, 0x42, 0x22, 0x22, 0x22, 0x22, 0x22, 0x22, 0x44, 0x22, 0x22, 0x22, 0x21, 0x01, 0x00, 0x00, 0x00, 0x00, // .....OFFFFFFFDDFFFFFFFFFFFFFDDFFFFFFFO.O........
  0x00, 0x00, 0x01, 0x22, 0x22, 0x22, 0x24, 0x42, 0x22, 0x22, 0x22, 0x22, 0x22, 0x22, 0x44, 0x22, 0x22, 0x22, 0x21, 0x12, 0x11, 0x10, 0x00, 0x00, // .....OFFFFFFFDDFFFFFFFFFFFFFDDFFFFFFFOOFOOO.....
  0x00, 0x00, 0x01, 0x22, 0x22, 0x22, 0x24, 0x42, 0x22, 0x22, 0x22, 0x22, 0x22, 0x22, 0x44, 0x22, 0x22, 0x22, 0x21, 0x13, 0x22, 0x21, 0x00, 0x00, // .....OFFFFFFFDDFFFFFFFFFFFFFDDFFFFFFFOOAFFFO....
  0x00, 0x00, 0x01, 0x22, 0x22, 0x22, 0x22, 0x22, 0x22, 0x22, 0x22, 0x22, 0x22, 0x22, 0x22, 0x22, 0x22, 0x22, 0x21, 0x33, 0x33, 0x22, 0x10, 0x00, // .....OFFFFFFFFFFFFFFFFFFFFFFFFFFFFFFFOAAAAFFO...
  0x00, 0x00, 0x01, 0x22, 0x22, 0x22, 0x22, 0x22, 0x22, 0x22, 0x22, 0x22, 0x22, 0x22, 0x22, 0x22, 0x22, 0x22, 0x21, 0x33, 0x33, 0x32, 0x10, 0x00, // .....OFFFFFFFFFFFFFFFFFFFFFFFFFFFFFFFOAAAAAFO...
  0x00, 0x00, 0x01, 0x22, 0x22, 0x22, 0x33, 0x33, 0x22, 0x22, 0x22, 0x22, 0x23, 0x33, 0x33, 0x22, 0x22, 0x22, 0x21, 0x13, 0x33, 0x33, 0x21, 0x00, // .....OFFFFFFAAAAFFFFFFFFFAAAAAFFFFFFFOOAAAAAFO..
  0x00, 0x00, 0x01, 0x22, 0x23, 0x33, 0x33, 0x33, 0x33, 0x32, 0x22, 0x33, 0x33, 0x33, 0x33, 0x33, 0x33, 0x22, 0x10, 0x01, 0x33, 0x33, 0x22, 0x10, // .....OFFFAAAAAAAAAAFFFAAAAAAAAAAAAFFO..OAAAAFFO.
  0x00, 0x00, 0x00, 0x12, 0x23, 0x33, 0x33, 0x33, 0x33, 0x33, 0x34, 0x43, 0x33, 0x33, 0x33, 0x33, 0x32, 0x21, 0x00, 0x00, 0x33, 0x33, 0x32, 0x10, // ......OFFAAAAAAAAAAAADDAAAAAAAAAAFFO....AAAAAFO.
  0x00, 0x00, 0x00, 0x01, 0x22, 0x33, 0x33, 0x33, 0x33, 0x33, 0x33, 0x33, 0x33, 0x33, 0x33, 0x33, 0x32, 0x21, 0x00, 0x00, 0x33, 0x33, 0x32, 0x10, // .......OFFAAAAAAAAAAAAAAAAAAAAAAAFFO....AAAAAFO.
  0x00, 0x00, 0x00, 0x00, 0x12, 0x23, 0x33, 0x33, 0x33, 0x33, 0x43, 0x44, 0x33, 0x33, 0x33, 0x33, 0x22, 0x10, 0x00, 0x01, 0x23, 0x33, 0x22, 0x10, // ........OFFAAAAAAAAADADDAAAAAAAAFFO....OFAAAFFO.
  0x00, 0x00, 0x00, 0x00, 0x01, 0x22, 0x33, 0x33, 0x33, 0x33, 0x34, 0x33, 0x33, 0x33, 0x33, 0x32, 0x11, 0x00, 0x00, 0x01, 0x22, 0x32, 0x22, 0x10, // .........OFFAAAAAAAAADAAAAAAAAAFOO.....OFFAFFFO.
  0x00, 0x00, 0x00, 0x00, 0x00, 0x11, 0x22, 0x33, 0x33, 0x33, 0x33, 0x33, 0x33, 0x33, 0x22, 0x21, 0x00, 0x00, 0x00, 0x12, 0x22, 0x22, 0x22, 0x10, // ..........OOFFAAAAAAAAAAAAAAFFFO......OFFFFFFFO.
  0x00, 0x00, 0x00, 0x00, 0x00, 0x01, 0x11, 0x11, 0x11, 0x11, 0x11, 0x11, 0x11, 0x11, 0x11, 0x10, 0x00, 0x00, 0x01, 0x22, 0x22, 0x22, 0x22, 0x10, // ...........OOOOOOOOOOOOOOOOOOOO......OFFFFFFFFO.
  0x00, 0x00, 0x00, 0x00, 0x00, 0x01, 0x22, 0x22, 0x22, 0x22, 0x22, 0x22, 0x22, 0x22, 0x22, 0x21, 0x00, 0x01, 0x12, 0x22, 0x22, 0x12, 0x22, 0x10, // ...........OFFFFFFFFFFFFFFFFFFFO...OOFFFFFOFFFO.
  0x00, 0x00, 0x00, 0x00, 0x00, 0x12, 0x22, 0x22, 0x23, 0x33, 0x33, 0x33, 0x32, 0x22, 0x22, 0x22, 0x10, 0x12, 0x22, 0x22, 0x22, 0x12, 0x21, 0x00, // ..........OFFFFFFAAAAAAAAFFFFFFFO.OFFFFFFFOFFO..
  0x00, 0x00, 0x00, 0x00, 0x01, 0x22, 0x22, 0x22, 0x33, 0x33, 0x33, 0x33, 0x33, 0x22, 0x22, 0x22, 0x11, 0x22, 0x22, 0x22, 0x21, 0x22, 0x21, 0x00, // .........OFFFFFFAAAAAAAAAAFFFFFFOOFFFFFFFOFFFO..
  0x00, 0x00, 0x00, 0x00, 0x01, 0x22, 0x12, 0x22, 0x33, 0x33, 0x33, 0x33, 0x33, 0x32, 0x22, 0x12, 0x12, 0x22, 0x22, 0x22, 0x21, 0x22, 0x10, 0x00, // .........OFFOFFFAAAAAAAAAAAFFFOFOFFFFFFFFOFFO...
  0x00, 0x00, 0x00, 0x00, 0x01, 0x22, 0x12, 0x22, 0x33, 0x33, 0x33, 0x33, 0x33, 0x22, 0x22, 0x12, 0x12, 0x22, 0x22, 0x21, 0x12, 0x22, 0x10, 0x00, // .........OFFOFFFAAAAAAAAAAFFFFOFOFFFFFFOOFFFO...
  0x00, 0x00, 0x00, 0x00, 0x01, 0x22, 0x12, 0x22, 0x23, 0x33, 0x33, 0x33, 0x32, 0x22, 0x22, 0x12, 0x21, 0x22, 0x11, 0x12, 0x22, 0x21, 0x00, 0x00, // .........OFFOFFFFAAAAAAAAFFFFFOFFOFFOOOFFFFO....
  0x00, 0x00, 0x00, 0x00, 0x12, 0x22, 0x11, 0x22, 0x22, 0x33, 0x33, 0x33, 0x22, 0x22, 0x21, 0x12, 0x21, 0x11, 0x22, 0x22, 0x22, 0x10, 0x00, 0x00, // ........OFFFOOFFFFAAAAAAFFFFFOOFFOOOFFFFFFO.....
  0x00, 0x00, 0x00, 0x00, 0x12, 0x22, 0x22, 0x11, 0x22, 0x23, 0x32, 0x22, 0x22, 0x21, 0x12, 0x22, 0x21, 0x22, 0x22, 0x22, 0x21, 0x00, 0x00, 0x00, // ........OFFFFFOOFFFAAFFFFFFOOFFFFOFFFFFFFO......
  0x00, 0x00, 0x00, 0x00, 0x12, 0x22, 0x22, 0x22, 0x22, 0x22, 0x22, 0x22, 0x22, 0x22, 0x22, 0x22, 0x21, 0x22, 0x22, 0x22, 0x10, 0x00, 0x00, 0x00, // ........OFFFFFFFFFFFFFFFFFFFFFFFFOFFFFFFO.......
  0x00, 0x00, 0x00, 0x00, 0x12, 0x22, 0x22, 0x22, 0x22, 0x22, 0x22, 0x22, 0x22, 0x22, 0x22, 0x22, 0x12, 0x22, 0x21, 0x11, 0x00, 0x00, 0x00, 0x00, // ........OFFFFFFFFFFFFFFFFFFFFFFFOFFFFOOO........
  0x00, 0x00, 0x00, 0x00, 0x01, 0x22, 0x22, 0x22, 0x22, 0x22, 0x22, 0x22, 0x22, 0x22, 0x22, 0x21, 0x11, 0x11, 0x10, 0x00, 0x00, 0x00, 0x00, 0x00, // .........OFFFFFFFFFFFFFFFFFFFFFOOOOOO...........
  0x00, 0x00, 0x00, 0x00, 0x00, 0x12, 0x22, 0x22, 0x22, 0x22, 0x22, 0x22, 0x22, 0x22, 0x22, 0x21, 0x00, 0x00, 0x00, 0x00, 0x00, 0x00, 0x00, 0x00, // ..........OFFFFFFFFFFFFFFFFFFFFO................
  0x00, 0x00, 0x00, 0x00, 0x00, 0x11, 0x11, 0x11, 0x11, 0x11, 0x11, 0x11, 0x11, 0x11, 0x11, 0x11, 0x10, 0x00, 0x00, 0x00, 0x00, 0x00, 0x00, 0x00, // ..........OOOOOOOOOOOOOOOOOOOOOOO...............
  0x00, 0x00, 0x00, 0x00, 0x00, 0x13, 0x33, 0x33, 0x33, 0x10, 0x00, 0x00, 0x13, 0x33, 0x33, 0x33, 0x10, 0x00, 0x00, 0x00, 0x00, 0x00, 0x00, 0x00, // ..........OAAAAAAAO.....OAAAAAAAO...............
  0x00, 0x00, 0x00, 0x00, 0x00, 0x13, 0x33, 0x33, 0x33, 0x10, 0x00, 0x00, 0x13, 0x33, 0x33, 0x33, 0x10, 0x00, 0x00, 0x00, 0x00, 0x00, 0x00, 0x00, // ..........OAAAAAAAO.....OAAAAAAAO...............
  0x00, 0x00, 0x00, 0x00, 0x00, 0x11, 0x11, 0x11, 0x11, 0x10, 0x00, 0x00, 0x11, 0x11, 0x11, 0x11, 0x10, 0x00, 0x00, 0x00, 0x00, 0x00, 0x00, 0x00, // ..........OOOOOOOOO.....OOOOOOOOO...............
  0x00, 0x00, 0x00, 0x00, 0x00, 0x00, 0x00, 0x00, 0x00, 0x00, 0x00, 0x00, 0x00, 0x00, 0x00, 0x00, 0x00, 0x00, 0x00, 0x00, 0x00, 0x00, 0x00, 0x00, // ................................................
};

const uint8_t KITSUNE_FOCUS[KITSUNE_FRAME_BYTES] PROGMEM = {
  0x00, 0x00, 0x00, 0x00, 0x00, 0x00, 0x00, 0x00, 0x00, 0x00, 0x00, 0x00, 0x00, 0x00, 0x00, 0x00, 0x00, 0x00, 0x00, 0x00, 0x00, 0x00, 0x00, 0x00, // ................................................
  0x00, 0x00, 0x00, 0x00, 0x00, 0x00, 0x00, 0x00, 0x00, 0x00, 0x00, 0x00, 0x00, 0x00, 0x00, 0x00, 0x00, 0x00, 0x00, 0x00, 0x00, 0x00, 0x00, 0x00, // ................................................
  0x00, 0x00, 0x00, 0x00, 0x01, 0x10, 0x00, 0x00, 0x00, 0x00, 0x00, 0x00, 0x00, 0x00, 0x00, 0x00, 0x00, 0x10, 0x00, 0x00, 0x00, 0x00, 0x00, 0x00, // .........OO.......................O.............
  0x00, 0x00, 0x00, 0x00, 0x12, 0x21, 0x00, 0x00, 0x00, 0x00, 0x00, 0x00, 0x00, 0x00, 0x00, 0x00, 0x01, 0x21, 0x10, 0x00, 0x00, 0x00, 0x00, 0x00, // ........OFFO.....................OFOO...........
  0x00, 0x00, 0x00, 0x00, 0x12, 0x22, 0x10, 0x00, 0x00, 0x00, 0x00, 0x00, 0x00, 0x00, 0x00, 0x00, 0x01, 0x22, 0x10, 0x00, 0x00, 0x00, 0x00, 0x00, // ........OFFFO....................OFFO...........
  0x00, 0x00, 0x00, 0x01, 0x22, 0x22, 0x10, 0x00, 0x00, 0x00, 0x00, 0x00, 0x00, 0x00, 0x00, 0x00, 0x01, 0x22, 0x21, 0x00, 0x00, 0x00, 0x00, 0x00, // .......OFFFFO....................OFFFO..........
  0x00, 0x00, 0x00, 0x01, 0x22, 0x22, 0x21, 0x00, 0x00, 0x00, 0x00, 0x00, 0x00, 0x00, 0x00, 0x00, 0x12, 0x22, 0x21, 0x00, 0x00, 0x00, 0x00, 0x00, // .......OFFFFFO..................OFFFFO..........
  0x00, 0x00, 0x00, 0x01, 0x22, 0x32, 0x22, 0x10, 0x00, 0x00, 0x00, 0x00, 0x00, 0x00, 0x00, 0x00, 0x12, 0x32, 0x21, 0x00, 0x00, 0x00, 0x00, 0x00, // .......OFFAFFFO.................OFAFFO..........
  0x00, 0x00, 0x00, 0x01, 0x23, 0x33, 0x22, 0x10, 0x00, 0x00, 0x00, 0x00, 0x00, 0x00, 0x00, 0x00, 0x12, 0x33, 0x22, 0x10, 0x00, 0x00, 0x00, 0x00, // .......OFAAAFFO.................OFAAFFO.........
  0x00, 0x00, 0x00, 0x01, 0x23, 0x33, 0x22, 0x21, 0x00, 0x00, 0x00, 0x00, 0x00, 0x00, 0x00, 0x01, 0x23, 0x33, 0x22, 0x10, 0x00, 0x00, 0x00, 0x00, // .......OFAAAFFFO...............OFAAAFFO.........
  0x00, 0x00, 0x00, 0x12, 0x23, 0x33, 0x32, 0x22, 0x10, 0x00, 0x00, 0x00, 0x00, 0x00, 0x00, 0x01, 0x23, 0x33, 0x22, 0x10, 0x00, 0x00, 0x00, 0x00, // ......OFFAAAAFFFO..............OFAAAFFO.........
  0x00, 0x00, 0x00, 0x12, 0x23, 0x33, 0x33, 0x21, 0x11, 0x11, 0x11, 0x11, 0x11, 0x11, 0x00, 0x01, 0x23, 0x33, 0x32, 0x21, 0x00, 0x00, 0x00, 0x00, // ......OFFAAAAAFOOOOOOOOOOOOO...OFAAAAFFO........
  0x00, 0x00, 0x00, 0x12, 0x22, 0x11, 0x11, 0x12, 0x22, 0x22, 0x22, 0x22, 0x22, 0x22, 0x11, 0x11, 0x33, 0x33, 0x32, 0x21, 0x00, 0x00, 0x00, 0x00, // ......OFFFOOOOOFFFFFFFFFFFFFOOOOAAAAAFFO........
  0x00, 0x00, 0x00, 0x01, 0x21, 0x22, 0x22, 0x22, 0x22, 0x22, 0x22, 0x22, 0x22, 0x22, 0x22, 0x22, 0x11, 0x33, 0x22, 0x21, 0x00, 0x00, 0x00, 0x00, // .......OFOFFFFFFFFFFFFFFFFFFFFFFOOAAFFFO........
  0x00, 0x00, 0x00, 0x01, 0x12, 0x22, 0x22, 0x22, 0x22, 0x22, 0x22, 0x22, 0x22, 0x22, 0x22, 0x22, 0x22, 0x12, 0x22, 0x10, 0x00, 0x00, 0x00, 0x00, // .......OOFFFFFFFFFFFFFFFFFFFFFFFFFOFFFO.........
  0x00, 0x00, 0x00, 0x01, 0x22, 0x22, 0x22, 0x22, 0x22, 0x22, 0x22, 0x22, 0x22, 0x22, 0x22, 0x22, 0x22, 0x21, 0x22, 0x10, 0x00, 0x00, 0x00, 0x00, // .......OFFFFFFFFFFFFFFFFFFFFFFFFFFFOFFO.........
  0x00, 0x00, 0x00, 0x12, 0x22, 0x22, 0x22, 0x22, 0x22, 0x22, 0x22, 0x22, 0x22, 0x22, 0x22, 0x22, 0x22, 0x22, 0x11, 0x00, 0x00, 0x00, 0x00, 0x00, // ......OFFFFFFFFFFFFFFFFFFFFFFFFFFFFFOO..........
  0x00, 0x00, 0x00, 0x12, 0x22, 0x22, 0x22, 0x22, 0x22, 0x22, 0x22, 0x22, 0x22, 0x22, 0x22, 0x22, 0x22, 0x22, 0x21, 0x00, 0x00, 0x00, 0x00, 0x00, // ......OFFFFFFFFFFFFFFFFFFFFFFFFFFFFFFO..........
  0x00, 0x00, 0x01, 0x22, 0x22, 0x22, 0x22, 0x22, 0x22, 0x22, 0x22, 0x22, 0x22, 0x22, 0x22, 0x22, 0x22, 0x22, 0x21, 0x01, 0x00, 0x00, 0x00, 0x00, // .....OFFFFFFFFFFFFFFFFFFFFFFFFFFFFFFFO.O........
  0x00, 0x00, 0x01, 0x22, 0x22, 0x22, 0x22, 0x22, 0x22, 0x22, 0x22, 0x22, 0x22, 0x22, 0x22, 0x22, 0x22, 0x22, 0x21, 0x12, 0x11, 0x10, 0x00, 0x00, // .....OFFFFFFFFFFFFFFFFFFFFFFFFFFFFFFFOOFOOO.....
  0x00, 0x00, 0x01, 0x22, 0x22, 0x22, 0x22, 0x22, 0x22, 0x22, 0x22, 0x22, 0x22, 0x22, 0x22, 0x22, 0x22, 0x22, 0x21, 0x13, 0x22, 0x21, 0x00, 0x00, // .....OFFFFFFFFFFFFFFFFFFFFFFFFFFFFFFFOOAFFFO....
  0x00, 0x00, 0x01, 0x22, 0x22, 0x22, 0x44, 0x44, 0x22, 0x22, 0x22, 0x22, 0x22, 0x24, 0x44, 0x42, 0x22, 0x22, 0x21, 0x33, 0x33, 0x22, 0x10, 0x00, // .....OFFFFFFDDDDFFFFFFFFFFFDDDDFFFFFFOAAAAFFO...
  0x00, 0x00, 0x01, 0x22, 0x22, 0x22, 0x24, 0x42, 0x22, 0x22, 0x22, 0x22, 0x22, 0x22, 0x44, 0x22, 0x22, 0x22, 0x21, 0x33, 0x33, 0x32, 0x10, 0x00, // .....OFFFFFFFDDFFFFFFFFFFFFFDDFFFFFFFOAAAAAFO...
  0x00, 0x00, 0x01, 0x22, 0x22, 0x22, 0x33, 0x33, 0x22, 0x22, 0x22, 0x22, 0x23, 0x33, 0x33, 0x22, 0x22, 0x22, 0x21, 0x13, 0x33, 0x33, 0x21, 0x00, // .....OFFFFFFAAAAFFFFFFFFFAAAAAFFFFFFFOOAAAAAFO..
  0x00, 0x00, 0x01, 0x22, 0x23, 0x33, 0x33, 0x33, 0x33, 0x32, 0x22, 0x33, 0x33, 0x33, 0x33, 0x33, 0x33, 0x22, 0x10, 0x01, 0x33, 0x33, 0x22, 0x10, // .....OFFFAAAAAAAAAAFFFAAAAAAAAAAAAFFO..OAAAAFFO.
  0x00, 0x00, 0x00, 0x12, 0x23, 0x33, 0x33, 0x33, 0x33, 0x33, 0x34, 0x43, 0x33, 0x33, 0x33, 0x33, 0x32, 0x21, 0x00, 0x00, 0x33, 0x33, 0x32, 0x10, // ......OFFAAAAAAAAAAAADDAAAAAAAAAAFFO....AAAAAFO.
  0x00, 0x00, 0x00, 0x01, 0x22, 0x33, 0x33, 0x33, 0x33, 0x33, 0x33, 0x33, 0x33, 0x33, 0x33, 0x33, 0x32, 0x21, 0x00, 0x00, 0x33, 0x33, 0x32, 0x10, // .......OFFAAAAAAAAAAAAAAAAAAAAAAAFFO....AAAAAFO.
  0x00, 0x00, 0x00, 0x00, 0x12, 0x23, 0x33, 0x33, 0x33, 0x33, 0x43, 0x44, 0x33, 0x33, 0x33, 0x33, 0x22, 0x10, 0x00, 0x01, 0x23, 0x33, 0x22, 0x10, // ........OFFAAAAAAAAADADDAAAAAAAAFFO....OFAAAFFO.
  0x00, 0x00, 0x00, 0x00, 0x01, 0x22, 0x33, 0x33, 0x33, 0x33, 0x34, 0x33, 0x33, 0x33, 0x33, 0x32, 0x11, 0x00, 0x00, 0x01, 0x22, 0x32, 0x22, 0x10, // .........OFFAAAAAAAAADAAAAAAAAAFOO.....OFFAFFFO.
  0x00, 0x00, 0x00, 0x00, 0x00, 0x11, 0x22, 0x33, 0x33, 0x33, 0x33, 0x33, 0x33, 0x33, 0x22, 0x21, 0x00, 0x00, 0x00, 0x12, 0x22, 0x22, 0x22, 0x10, // ..........OOFFAAAAAAAAAAAAAAFFFO......OFFFFFFFO.
  0x00, 0x00, 0x00, 0x00, 0x00, 0x01, 0x11, 0x11, 0x11, 0x11, 0x11, 0x11, 0x11, 0x11, 0x11, 0x10, 0x00, 0x00, 0x01, 0x22, 0x22, 0x22, 0x22, 0x10, // ...........OOOOOOOOOOOOOOOOOOOO......OFFFFFFFFO.
  0x00, 0x00, 0x00, 0x00, 0x00, 0x01, 0x22, 0x22, 0x22, 0x22, 0x22, 0x22, 0x22, 0x22, 0x22, 0x21, 0x00, 0x01, 0x12, 0x22, 0x22, 0x12, 0x22, 0x10, // ...........OFFFFFFFFFFFFFFFFFFFO...OOFFFFFOFFFO.
  0x00, 0x00, 0x00, 0x00, 0x00, 0x12, 0x22, 0x22, 0x23, 0x33, 0x33, 0x33, 0x32, 0x22, 0x22, 0x22, 0x10, 0x12, 0x22, 0x22, 0x22, 0x12, 0x21, 0x00, // ..........OFFFFFFAAAAAAAAFFFFFFFO.OFFFFFFFOFFO..
  0x00, 0x00, 0x00, 0x00, 0x01, 0x22, 0x22, 0x22, 0x33, 0x33, 0x33, 0x33, 0x33, 0x22, 0x22, 0x22, 0x11, 0x22, 0x22, 0x22, 0x21, 0x22, 0x21, 0x00, // .........OFFFFFFAAAAAAAAAAFFFFFFOOFFFFFFFOFFFO..
  0x00, 0x00, 0x00, 0x00, 0x01, 0x22, 0x12, 0x22, 0x33, 0x33, 0x33, 0x33, 0x33, 0x32, 0x22, 0x12, 0x12, 0x22, 0x22, 0x22, 0x21, 0x22, 0x10, 0x00, // .........OFFOFFFAAAAAAAAAAAFFFOFOFFFFFFFFOFFO...
  0x00, 0x00, 0x00, 0x00, 0x01, 0x22, 0x21, 0x22, 0x33, 0x33, 0x33, 0x33, 0x33, 0x22, 0x21, 0x22, 0x12, 0x22, 0x22, 0x21, 0x12, 0x22, 0x10, 0x00, // .........OFFFOFFAAAAAAAAAAFFFOFFOFFFFFFOOFFFO...
  0x00, 0x00, 0x00, 0x00, 0x01, 0x22, 0x22, 0x11, 0x23, 0x33, 0x33, 0x33, 0x32, 0x21, 0x12, 0x22, 0x21, 0x22, 0x11, 0x12, 0x22, 0x21, 0x00, 0x00, // .........OFFFFOOFAAAAAAAAFFOOFFFFOFFOOOFFFFO....
  0x00, 0x00, 0x00, 0x00, 0x12, 0x22, 0x22, 0x22, 0x11, 0x13, 0x33, 0x33, 0x11, 0x12, 0x22, 0x22, 0x21, 0x11, 0x22, 0x22, 0x22, 0x10, 0x00, 0x00, // ........OFFFFFFFOOOAAAAAOOOFFFFFFOOOFFFFFFO.....
  0x00, 0x00, 0x00, 0x00, 0x12, 0x22, 0x22, 0x22, 0x22, 0x23, 0x32, 0x22, 0x22, 0x22, 0x22, 0x22, 0x21, 0x22, 0x22, 0x22, 0x21, 0x00, 0x00, 0x00, // ........OFFFFFFFFFFAAFFFFFFFFFFFFOFFFFFFFO......
  0x00, 0x00, 0x00, 0x00, 0x12, 0x22, 0x22, 0x22, 0x22, 0x22, 0x22, 0x22, 0x22, 0x22, 0x22, 0x22, 0x21, 0x22, 0x22, 0x22, 0x10, 0x00, 0x00, 0x00, // ........OFFFFFFFFFFFFFFFFFFFFFFFFOFFFFFFO.......
  0x00, 0x00, 0x00, 0x00, 0x12, 0x22, 0x22, 0x22, 0x22, 0x22, 0x22, 0x22, 0x22, 0x22, 0x22, 0x22, 0x12, 0x22, 0x21, 0x11, 0x00, 0x00, 0x00, 0x00, // ........OFFFFFFFFFFFFFFFFFFFFFFFOFFFFOOO........
  0x00, 0x00, 0x00, 0x00, 0x01, 0x22, 0x22, 0x22, 0x22, 0x22, 0x22, 0x22, 0x22, 0x22, 0x22, 0x21, 0x11, 0x11, 0x10, 0x00, 0x00, 0x00, 0x00, 0x00, // .........OFFFFFFFFFFFFFFFFFFFFFOOOOOO...........
  0x00, 0x00, 0x00, 0x00, 0x00, 0x12, 0x22, 0x22, 0x22, 0x22, 0x22, 0x22, 0x22, 0x22, 0x22, 0x21, 0x00, 0x00, 0x00, 0x00, 0x00, 0x00, 0x00, 0x00, // ..........OFFFFFFFFFFFFFFFFFFFFO................
  0x00, 0x00, 0x00, 0x00, 0x00, 0x11, 0x11, 0x11, 0x11, 0x11, 0x11, 0x11, 0x11, 0x11, 0x11, 0x11, 0x10, 0x00, 0x00, 0x00, 0x00, 0x00, 0x00, 0x00, // ..........OOOOOOOOOOOOOOOOOOOOOOO...............
  0x00, 0x00, 0x00, 0x00, 0x00, 0x13, 0x33, 0x33, 0x33, 0x10, 0x00, 0x00, 0x13, 0x33, 0x33, 0x33, 0x10, 0x00, 0x00, 0x00, 0x00, 0x00, 0x00, 0x00, // ..........OAAAAAAAO.....OAAAAAAAO...............
  0x00, 0x00, 0x00, 0x00, 0x00, 0x13, 0x33, 0x33, 0x33, 0x10, 0x00, 0x00, 0x13, 0x33, 0x33, 0x33, 0x10, 0x00, 0x00, 0x00, 0x00, 0x00, 0x00, 0x00, // ..........OAAAAAAAO.....OAAAAAAAO...............
  0x00, 0x00, 0x00, 0x00, 0x00, 0x11, 0x11, 0x11, 0x11, 0x10, 0x00, 0x00, 0x11, 0x11, 0x11, 0x11, 0x10, 0x00, 0x00, 0x00, 0x00, 0x00, 0x00, 0x00, // ..........OOOOOOOOO.....OOOOOOOOO...............
  0x00, 0x00, 0x00, 0x00, 0x00, 0x00, 0x00, 0x00, 0x00, 0x00, 0x00, 0x00, 0x00, 0x00, 0x00, 0x00, 0x00, 0x00, 0x00, 0x00, 0x00, 0x00, 0x00, 0x00, // ................................................
};

